{
    "Dendritic Distance": [
        24.24354442157998,
        37.1917195852783,
        43.473888491556714,
        254.65533248820932,
        240.4241584291274,
        76.35403907529945,
        69.57312600452447,
        151.53655498748742,
        485.3972683510344,
        531.1417989001624
    ],
    "Lag": [
        0.0027777777777752513,
        0.013888888888879415,
        0.024999999999985947,
        0.3749999999997892,
        0.3444444444442472,
        0.044444444444415865,
        0.07777777777773309,
        0.14999999999991567,
        0.8222222222217579,
        0.92499999999948
    ]
}