{
    "070722_9": {
        "axon": {
            "area": 739.860175210894,
            "breadth": 1,
            "contrac": 0.5704974693573873,
            "degree": 0,
            "diam": 1.84797728,
            "dist": 49.33720148543997,
            "length": 86.48101724450025,
            "nbranch": 0,
            "nstem": 1,
            "nterm": 1,
            "order": 1,
            "seclen": 86.48101724450025,
            "sholl": {
                "crossings": [
                    1,
                    1,
                    1,
                    1,
                    1,
                    1,
                    1,
                    1,
                    1,
                    1
                ],
                "radii": [
                    0.0,
                    5.0,
                    10.0,
                    15.0,
                    20.0,
                    25.0,
                    30.0,
                    35.0,
                    40.0,
                    45.0
                ]
            },
            "volume": 811.0361660207715,
            "xdim": 29.046799999999998,
            "ydim": 42.32087,
            "zdim": 23.65373
        },
        "dend": {
            "area": 11586.43804567861,
            "breadth": 9,
            "contrac": 0.9376444258181087,
            "degree": 3,
            "diam": 1.991381640591943,
            "dist": 542.4638869000775,
            "length": 2282.6942108521457,
            "nbranch": 11,
            "nstem": 2,
            "nterm": 14,
            "order": 5,
            "seclen": 91.30776843408583,
            "sholl": {
                "crossings": [
                    2,
                    2,
                    2,
                    2,
                    2,
                    3,
                    4,
                    6,
                    6,
                    6,
                    7,
                    7,
                    7,
                    7,
                    7,
                    8,
                    7,
                    7,
                    6,
                    6,
                    6,
                    6,
                    6,
                    6,
                    6,
                    6,
                    6,
                    6,
                    6,
                    5,
                    5,
                    5,
                    5,
                    5,
                    5,
                    5,
                    4,
                    4,
                    4,
                    4,
                    4,
                    4,
                    4,
                    4,
                    4,
                    4,
                    4,
                    4,
                    5,
                    5,
                    5,
                    4,
                    4,
                    4,
                    3,
                    3,
                    3,
                    3,
                    3,
                    2,
                    2,
                    1,
                    1,
                    1,
                    1,
                    1,
                    1,
                    1,
                    1,
                    1,
                    1,
                    1,
                    1,
                    1,
                    1,
                    1,
                    1,
                    1,
                    1,
                    1,
                    2,
                    2,
                    2,
                    2,
                    2,
                    2,
                    2,
                    2,
                    2,
                    2,
                    2,
                    2,
                    2,
                    2,
                    2,
                    3,
                    3,
                    3,
                    3,
                    3,
                    2,
                    2,
                    2,
                    2,
                    2,
                    1,
                    1,
                    1,
                    1
                ],
                "radii": [
                    0.0,
                    5.0,
                    10.0,
                    15.0,
                    20.0,
                    25.0,
                    30.0,
                    35.0,
                    40.0,
                    45.0,
                    50.0,
                    55.0,
                    60.0,
                    65.0,
                    70.0,
                    75.0,
                    80.0,
                    85.0,
                    90.0,
                    95.0,
                    100.0,
                    105.0,
                    110.0,
                    115.0,
                    120.0,
                    125.0,
                    130.0,
                    135.0,
                    140.0,
                    145.0,
                    150.0,
                    155.0,
                    160.0,
                    165.0,
                    170.0,
                    175.0,
                    180.0,
                    185.0,
                    190.0,
                    195.0,
                    200.0,
                    205.0,
                    210.0,
                    215.0,
                    220.0,
                    225.0,
                    230.0,
                    235.0,
                    240.0,
                    245.0,
                    250.0,
                    255.0,
                    260.0,
                    265.0,
                    270.0,
                    275.0,
                    280.0,
                    285.0,
                    290.0,
                    295.0,
                    300.0,
                    305.0,
                    310.0,
                    315.0,
                    320.0,
                    325.0,
                    330.0,
                    335.0,
                    340.0,
                    345.0,
                    350.0,
                    355.0,
                    360.0,
                    365.0,
                    370.0,
                    375.0,
                    380.0,
                    385.0,
                    390.0,
                    395.0,
                    400.0,
                    405.0,
                    410.0,
                    415.0,
                    420.0,
                    425.0,
                    430.0,
                    435.0,
                    440.0,
                    445.0,
                    450.0,
                    455.0,
                    460.0,
                    465.0,
                    470.0,
                    475.0,
                    480.0,
                    485.0,
                    490.0,
                    495.0,
                    500.0,
                    505.0,
                    510.0,
                    515.0,
                    520.0,
                    525.0,
                    530.0,
                    535.0,
                    540.0
                ]
            },
            "volume": 6243.015587559046,
            "xdim": 494.082,
            "ydim": 749.457,
            "zdim": 136.57229999999998
        },
        "soma": {
            "area": 635.767590961821,
            "diam": 14.22572,
            "volume": 1507.3752890162327,
            "xroot": 0.0,
            "yroot": 0.0,
            "zroot": 0.0
        }
    }
}