{
    "Dendritic Distance": [
        42.65983338898253,
        269.35811869841797,
        329.1595205079722,
        229.48835316027137,
        99.84125511678047,
        205.75129927939574,
        285.15958926767036,
        21.904277396156242,
        109.54070768538543,
        168.70183660196358
    ],
    "Lag": [
        0.0,
        NaN,
        NaN,
        NaN,
        0.045454545454519615,
        NaN,
        NaN,
        0.0,
        NaN,
        NaN
    ]
}