{
    "090323_2": {
        "axon": {
            "area": 764.5810230865236,
            "breadth": 1,
            "contrac": 0.9936181557377427,
            "degree": 0,
            "diam": 1.6972,
            "dist": 31.187769528969206,
            "length": 31.388083388847576,
            "nbranch": 0,
            "nstem": 1,
            "nterm": 1,
            "order": 1,
            "seclen": 31.388083388847576,
            "sholl": {
                "crossings": [
                    1,
                    1,
                    1,
                    1,
                    1,
                    1,
                    1
                ],
                "radii": [
                    0.0,
                    5.0,
                    10.0,
                    15.0,
                    20.0,
                    25.0,
                    30.0
                ]
            },
            "volume": 2086.574902382929,
            "xdim": 2.4589399999999992,
            "ydim": 2.68281,
            "zdim": 16.9508
        },
        "dend": {
            "area": 18159.11377085327,
            "breadth": 5,
            "contrac": 0.9178835641680614,
            "degree": 2,
            "diam": 2.2019483484545046,
            "dist": 428.5660609914066,
            "length": 3187.8483540280627,
            "nbranch": 11,
            "nstem": 4,
            "nterm": 15,
            "order": 5,
            "seclen": 122.60955207800241,
            "sholl": {
                "crossings": [
                    4,
                    4,
                    4,
                    4,
                    4,
                    5,
                    5,
                    6,
                    6,
                    6,
                    7,
                    8,
                    8,
                    7,
                    7,
                    7,
                    7,
                    7,
                    7,
                    7,
                    7,
                    6,
                    6,
                    6,
                    6,
                    5,
                    5,
                    6,
                    5,
                    4,
                    4,
                    4,
                    4,
                    4,
                    4,
                    5,
                    6,
                    6,
                    6,
                    6,
                    5,
                    6,
                    7,
                    6,
                    6,
                    7,
                    6,
                    6,
                    6,
                    5,
                    5,
                    5,
                    5,
                    5,
                    5,
                    5,
                    5,
                    6,
                    4,
                    4,
                    4,
                    5,
                    5,
                    5,
                    5,
                    5,
                    6,
                    4,
                    4,
                    4,
                    4,
                    4,
                    4,
                    3,
                    3,
                    2,
                    2,
                    2,
                    1,
                    1,
                    1,
                    1,
                    1,
                    1,
                    1,
                    1
                ],
                "radii": [
                    0.0,
                    5.0,
                    10.0,
                    15.0,
                    20.0,
                    25.0,
                    30.0,
                    35.0,
                    40.0,
                    45.0,
                    50.0,
                    55.0,
                    60.0,
                    65.0,
                    70.0,
                    75.0,
                    80.0,
                    85.0,
                    90.0,
                    95.0,
                    100.0,
                    105.0,
                    110.0,
                    115.0,
                    120.0,
                    125.0,
                    130.0,
                    135.0,
                    140.0,
                    145.0,
                    150.0,
                    155.0,
                    160.0,
                    165.0,
                    170.0,
                    175.0,
                    180.0,
                    185.0,
                    190.0,
                    195.0,
                    200.0,
                    205.0,
                    210.0,
                    215.0,
                    220.0,
                    225.0,
                    230.0,
                    235.0,
                    240.0,
                    245.0,
                    250.0,
                    255.0,
                    260.0,
                    265.0,
                    270.0,
                    275.0,
                    280.0,
                    285.0,
                    290.0,
                    295.0,
                    300.0,
                    305.0,
                    310.0,
                    315.0,
                    320.0,
                    325.0,
                    330.0,
                    335.0,
                    340.0,
                    345.0,
                    350.0,
                    355.0,
                    360.0,
                    365.0,
                    370.0,
                    375.0,
                    380.0,
                    385.0,
                    390.0,
                    395.0,
                    400.0,
                    405.0,
                    410.0,
                    415.0,
                    420.0,
                    425.0
                ]
            },
            "volume": 16664.69585312128,
            "xdim": 491.094,
            "ydim": 547.543,
            "zdim": 260.9289
        },
        "soma": {
            "area": 1618.4319438402463,
            "diam": 22.6972,
            "volume": 6122.312252621806,
            "xroot": 0.0,
            "yroot": 0.0,
            "zroot": 0.0
        }
    }
}