{
    "Dendritic Distance": [
        10.239191105646972,
        68.06878988212489,
        118.66796830773762,
        10.244019743721852,
        67.9596266118488,
        183.04324225368703,
        239.88866822135057,
        266.71452043688817,
        11.432732925523243,
        37.313543857945874
    ],
    "Lag": [
        0.01071428571428003,
        0.1214285714285016,
        0.4249999999997515,
        0.02142857142856006,
        0.08928571428566556,
        0.7071428571424454,
        1.867857142856053,
        1.8357142857132172,
        0.02142857142856006,
        0.07142857142853083
    ]
}