{
    "231121_8": {
        "axon": {
            "area": 273.3124714965785,
            "breadth": 1,
            "contrac": 0.9981026635516459,
            "degree": 0,
            "diam": 3.2806480000000002,
            "dist": 16.885170520205,
            "length": 16.917268269900067,
            "nbranch": 0,
            "nstem": 1,
            "nterm": 1,
            "order": 1,
            "seclen": 16.917268269900067,
            "sholl": {
                "crossings": [
                    1,
                    1,
                    1,
                    1
                ],
                "radii": [
                    0.0,
                    5.0,
                    10.0,
                    15.0
                ]
            },
            "volume": 467.3206865631326,
            "xdim": 7.45853,
            "ydim": 9.950750000000001,
            "zdim": 5.2651
        },
        "dend": {
            "area": 6912.766359380824,
            "breadth": 8,
            "contrac": 0.8979525364749792,
            "degree": 2,
            "diam": 1.5345628789865235,
            "dist": 301.51701410867344,
            "length": 1595.0262346789932,
            "nbranch": 10,
            "nstem": 3,
            "nterm": 13,
            "order": 6,
            "seclen": 69.34896672517361,
            "sholl": {
                "crossings": [
                    3,
                    3,
                    3,
                    3,
                    3,
                    5,
                    5,
                    6,
                    6,
                    6,
                    6,
                    6,
                    5,
                    5,
                    6,
                    6,
                    7,
                    5,
                    5,
                    5,
                    5,
                    4,
                    4,
                    4,
                    4,
                    4,
                    4,
                    5,
                    5,
                    5,
                    4,
                    4,
                    4,
                    5,
                    4,
                    4,
                    2,
                    2,
                    2,
                    2,
                    2,
                    1,
                    1,
                    1,
                    1,
                    1,
                    1,
                    1,
                    1,
                    2,
                    2,
                    2,
                    3,
                    3,
                    4,
                    2,
                    1,
                    1,
                    1,
                    1,
                    1
                ],
                "radii": [
                    0.0,
                    5.0,
                    10.0,
                    15.0,
                    20.0,
                    25.0,
                    30.0,
                    35.0,
                    40.0,
                    45.0,
                    50.0,
                    55.0,
                    60.0,
                    65.0,
                    70.0,
                    75.0,
                    80.0,
                    85.0,
                    90.0,
                    95.0,
                    100.0,
                    105.0,
                    110.0,
                    115.0,
                    120.0,
                    125.0,
                    130.0,
                    135.0,
                    140.0,
                    145.0,
                    150.0,
                    155.0,
                    160.0,
                    165.0,
                    170.0,
                    175.0,
                    180.0,
                    185.0,
                    190.0,
                    195.0,
                    200.0,
                    205.0,
                    210.0,
                    215.0,
                    220.0,
                    225.0,
                    230.0,
                    235.0,
                    240.0,
                    245.0,
                    250.0,
                    255.0,
                    260.0,
                    265.0,
                    270.0,
                    275.0,
                    280.0,
                    285.0,
                    290.0,
                    295.0,
                    300.0
                ]
            },
            "volume": 3837.1257169818005,
            "xdim": 326.551,
            "ydim": 312.1665,
            "zdim": 218.1846
        },
        "soma": {
            "area": 520.6612924573361,
            "diam": 12.87368,
            "volume": 1117.1378112470263,
            "xroot": 0.0,
            "yroot": 0.0,
            "zroot": 0.0
        }
    }
}