{
    "190522_7": {
        "axon": {
            "area": 279.45090078678555,
            "breadth": 1,
            "contrac": 0.9997176380322654,
            "degree": 0,
            "diam": 1.0,
            "dist": 15.50357681622212,
            "length": 15.507955673101517,
            "nbranch": 0,
            "nstem": 1,
            "nterm": 1,
            "order": 1,
            "seclen": 15.507955673101517,
            "sholl": {
                "crossings": [
                    1,
                    1,
                    1,
                    1
                ],
                "radii": [
                    0.0,
                    5.0,
                    10.0,
                    15.0
                ]
            },
            "volume": 499.173558457367,
            "xdim": 1.6247599999999998,
            "ydim": 4.14861,
            "zdim": 1.1844899999999998
        },
        "dend": {
            "area": 7817.927485595557,
            "breadth": 5,
            "contrac": 0.9131216669196499,
            "degree": 2,
            "diam": 2.091703240488977,
            "dist": 329.4356166300604,
            "length": 1475.3679578568604,
            "nbranch": 10,
            "nstem": 4,
            "nterm": 14,
            "order": 5,
            "seclen": 61.47366491070252,
            "sholl": {
                "crossings": [
                    4,
                    4,
                    5,
                    6,
                    6,
                    8,
                    7,
                    6,
                    7,
                    7,
                    7,
                    7,
                    8,
                    9,
                    9,
                    6,
                    6,
                    4,
                    4,
                    5,
                    5,
                    5,
                    5,
                    4,
                    4,
                    4,
                    4,
                    4,
                    4,
                    3,
                    3,
                    3,
                    3,
                    3,
                    3,
                    3,
                    3,
                    3,
                    3,
                    3,
                    3,
                    3,
                    3,
                    3,
                    3,
                    2,
                    2,
                    2,
                    2,
                    2,
                    1,
                    1,
                    1,
                    2,
                    2,
                    2,
                    2,
                    2,
                    3,
                    1,
                    1,
                    1,
                    1,
                    1,
                    1,
                    1
                ],
                "radii": [
                    0.0,
                    5.0,
                    10.0,
                    15.0,
                    20.0,
                    25.0,
                    30.0,
                    35.0,
                    40.0,
                    45.0,
                    50.0,
                    55.0,
                    60.0,
                    65.0,
                    70.0,
                    75.0,
                    80.0,
                    85.0,
                    90.0,
                    95.0,
                    100.0,
                    105.0,
                    110.0,
                    115.0,
                    120.0,
                    125.0,
                    130.0,
                    135.0,
                    140.0,
                    145.0,
                    150.0,
                    155.0,
                    160.0,
                    165.0,
                    170.0,
                    175.0,
                    180.0,
                    185.0,
                    190.0,
                    195.0,
                    200.0,
                    205.0,
                    210.0,
                    215.0,
                    220.0,
                    225.0,
                    230.0,
                    235.0,
                    240.0,
                    245.0,
                    250.0,
                    255.0,
                    260.0,
                    265.0,
                    270.0,
                    275.0,
                    280.0,
                    285.0,
                    290.0,
                    295.0,
                    300.0,
                    305.0,
                    310.0,
                    315.0,
                    320.0,
                    325.0
                ]
            },
            "volume": 4844.526836825414,
            "xdim": 420.59590000000003,
            "ydim": 243.676,
            "zdim": 85.8
        },
        "soma": {
            "area": 502.7890982550006,
            "diam": 12.6508,
            "volume": 1060.1140540340605,
            "xroot": 0.0,
            "yroot": 0.0,
            "zroot": 0.0
        }
    }
}