{
    "200524_11": {
        "axon": {
            "area": 453.07274051186135,
            "breadth": 1,
            "contrac": 1.0,
            "degree": 0,
            "diam": 1.8,
            "dist": 12.556223715488667,
            "length": 12.556223715488667,
            "nbranch": 0,
            "nstem": 1,
            "nterm": 1,
            "order": 1,
            "seclen": 12.556223715488667,
            "sholl": {
                "crossings": [
                    1,
                    1,
                    1
                ],
                "radii": [
                    0.0,
                    5.0,
                    10.0
                ]
            },
            "volume": 1136.9388574579964,
            "xdim": 0.0,
            "ydim": 0.0,
            "zdim": 0.0
        },
        "dend": {
            "area": 9622.690953901725,
            "breadth": 3,
            "contrac": 0.8583291622122948,
            "degree": 2,
            "diam": 1.3902332621176383,
            "dist": 454.50302144430236,
            "length": 2200.811604785468,
            "nbranch": 5,
            "nstem": 3,
            "nterm": 8,
            "order": 3,
            "seclen": 169.2932003681129,
            "sholl": {
                "crossings": [
                    3,
                    3,
                    3,
                    3,
                    3,
                    3,
                    3,
                    3,
                    3,
                    3,
                    3,
                    4,
                    4,
                    4,
                    4,
                    4,
                    4,
                    4,
                    4,
                    4,
                    5,
                    5,
                    5,
                    5,
                    5,
                    5,
                    6,
                    6,
                    6,
                    6,
                    8,
                    7,
                    7,
                    7,
                    7,
                    7,
                    7,
                    6,
                    5,
                    4,
                    4,
                    3,
                    3,
                    3,
                    3,
                    3,
                    3,
                    3,
                    3,
                    3,
                    4,
                    3,
                    3,
                    3,
                    3,
                    3,
                    2,
                    2,
                    2,
                    1,
                    1,
                    1,
                    1,
                    1,
                    1,
                    1,
                    1,
                    1,
                    1,
                    1,
                    1,
                    1,
                    1,
                    1,
                    1,
                    1,
                    1,
                    1,
                    1,
                    1,
                    1,
                    1,
                    1,
                    1,
                    1,
                    1,
                    1,
                    1,
                    1,
                    1,
                    1
                ],
                "radii": [
                    0.0,
                    5.0,
                    10.0,
                    15.0,
                    20.0,
                    25.0,
                    30.0,
                    35.0,
                    40.0,
                    45.0,
                    50.0,
                    55.0,
                    60.0,
                    65.0,
                    70.0,
                    75.0,
                    80.0,
                    85.0,
                    90.0,
                    95.0,
                    100.0,
                    105.0,
                    110.0,
                    115.0,
                    120.0,
                    125.0,
                    130.0,
                    135.0,
                    140.0,
                    145.0,
                    150.0,
                    155.0,
                    160.0,
                    165.0,
                    170.0,
                    175.0,
                    180.0,
                    185.0,
                    190.0,
                    195.0,
                    200.0,
                    205.0,
                    210.0,
                    215.0,
                    220.0,
                    225.0,
                    230.0,
                    235.0,
                    240.0,
                    245.0,
                    250.0,
                    255.0,
                    260.0,
                    265.0,
                    270.0,
                    275.0,
                    280.0,
                    285.0,
                    290.0,
                    295.0,
                    300.0,
                    305.0,
                    310.0,
                    315.0,
                    320.0,
                    325.0,
                    330.0,
                    335.0,
                    340.0,
                    345.0,
                    350.0,
                    355.0,
                    360.0,
                    365.0,
                    370.0,
                    375.0,
                    380.0,
                    385.0,
                    390.0,
                    395.0,
                    400.0,
                    405.0,
                    410.0,
                    415.0,
                    420.0,
                    425.0,
                    430.0,
                    435.0,
                    440.0,
                    445.0,
                    450.0
                ]
            },
            "volume": 5606.090327685351,
            "xdim": 412.371,
            "ydim": 622.9929999999999,
            "zdim": 197.2079
        },
        "soma": {
            "area": 976.6882944505649,
            "diam": 17.63206,
            "volume": 2870.171101508338,
            "xroot": 0.0,
            "yroot": 0.0,
            "zroot": 0.0
        }
    }
}