{
    "Dendritic Distance": [
        57.38873380374486,
        97.88122304216095,
        210.04096972719208,
        203.48875264488208,
        251.99228904425132,
        255.12049819493333,
        112.3944684235972,
        382.153146714931,
        422.96146587413915,
        151.55356089839708
    ],
    "Lag": [
        0.42500000000009663,
        1.025000000000233,
        1.825000000000415,
        1.9500000000004434,
        2.6500000000006025,
        2.9000000000006594,
        1.1000000000002501,
        3.3750000000007674,
        3.575000000000813,
        0.3500000000000796
    ]
}