{
    "081121_4": {
        "dend": {
            "area": 12628.454258353713,
            "breadth": 15,
            "contrac": 0.883659818103563,
            "degree": 3,
            "diam": 1.0859157949399314,
            "dist": 505.4387030382616,
            "length": 3322.569509830837,
            "nbranch": 18,
            "nstem": 3,
            "nterm": 22,
            "order": 6,
            "seclen": 83.06423774577092,
            "sholl": {
                "crossings": [
                    3,
                    3,
                    3,
                    3,
                    3,
                    3,
                    3,
                    3,
                    3,
                    3,
                    3,
                    3,
                    4,
                    4,
                    5,
                    6,
                    7,
                    7,
                    7,
                    7,
                    7,
                    7,
                    6,
                    7,
                    7,
                    8,
                    8,
                    10,
                    10,
                    10,
                    10,
                    10,
                    10,
                    10,
                    10,
                    9,
                    9,
                    8,
                    8,
                    8,
                    8,
                    8,
                    9,
                    7,
                    7,
                    7,
                    8,
                    6,
                    7,
                    7,
                    7,
                    7,
                    7,
                    8,
                    7,
                    6,
                    6,
                    4,
                    4,
                    4,
                    4,
                    4,
                    3,
                    2,
                    2,
                    2,
                    2,
                    2,
                    2,
                    2,
                    1,
                    1,
                    1,
                    1,
                    1,
                    1,
                    1,
                    1,
                    1,
                    1,
                    1,
                    1,
                    1,
                    1,
                    1,
                    1,
                    1,
                    1,
                    1,
                    1,
                    1,
                    1,
                    1,
                    1,
                    1,
                    1,
                    1,
                    1,
                    1,
                    1,
                    1,
                    1
                ],
                "radii": [
                    0.0,
                    5.0,
                    10.0,
                    15.0,
                    20.0,
                    25.0,
                    30.0,
                    35.0,
                    40.0,
                    45.0,
                    50.0,
                    55.0,
                    60.0,
                    65.0,
                    70.0,
                    75.0,
                    80.0,
                    85.0,
                    90.0,
                    95.0,
                    100.0,
                    105.0,
                    110.0,
                    115.0,
                    120.0,
                    125.0,
                    130.0,
                    135.0,
                    140.0,
                    145.0,
                    150.0,
                    155.0,
                    160.0,
                    165.0,
                    170.0,
                    175.0,
                    180.0,
                    185.0,
                    190.0,
                    195.0,
                    200.0,
                    205.0,
                    210.0,
                    215.0,
                    220.0,
                    225.0,
                    230.0,
                    235.0,
                    240.0,
                    245.0,
                    250.0,
                    255.0,
                    260.0,
                    265.0,
                    270.0,
                    275.0,
                    280.0,
                    285.0,
                    290.0,
                    295.0,
                    300.0,
                    305.0,
                    310.0,
                    315.0,
                    320.0,
                    325.0,
                    330.0,
                    335.0,
                    340.0,
                    345.0,
                    350.0,
                    355.0,
                    360.0,
                    365.0,
                    370.0,
                    375.0,
                    380.0,
                    385.0,
                    390.0,
                    395.0,
                    400.0,
                    405.0,
                    410.0,
                    415.0,
                    420.0,
                    425.0,
                    430.0,
                    435.0,
                    440.0,
                    445.0,
                    450.0,
                    455.0,
                    460.0,
                    465.0,
                    470.0,
                    475.0,
                    480.0,
                    485.0,
                    490.0,
                    495.0,
                    500.0,
                    505.0
                ]
            },
            "volume": 6682.808911550389,
            "xdim": 547.864,
            "ydim": 407.219,
            "zdim": 290.144971
        },
        "soma": {
            "area": 1159.6444857589756,
            "diam": 19.21266,
            "volume": 3713.309204293673,
            "xroot": 0.0,
            "yroot": 0.0,
            "zroot": 0.0
        }
    }
}