{
    "Dendritic Distance": [
        54.64259628177279,
        50.88638452076451,
        85.39228842523575,
        10.058066905531103,
        73.504685449159,
        6.22933713844094,
        155.70802228838375,
        235.96695792680967,
        291.1418213792216,
        49.70549076202134
    ],
    "Lag": [
        0.016666666666660983,
        0.016666666666660983,
        0.08333333333329544,
        0.008333333333335228,
        0.024999999999986738,
        0.0,
        0.14999999999992042,
        0.4833333333330832,
        0.5916666666663559,
        0.03333333333332197
    ]
}