{
    "090323_1": {
        "axon": {
            "area": 433.8544052908984,
            "breadth": 1,
            "contrac": 0.9442342639986635,
            "degree": 0,
            "diam": 1.75628,
            "dist": 16.741106167204126,
            "length": 17.72982278392285,
            "nbranch": 0,
            "nstem": 1,
            "nterm": 1,
            "order": 1,
            "seclen": 17.72982278392285,
            "sholl": {
                "crossings": [
                    1,
                    1,
                    1,
                    1
                ],
                "radii": [
                    0.0,
                    5.0,
                    10.0,
                    15.0
                ]
            },
            "volume": 959.288702584343,
            "xdim": 1.4795599999999998,
            "ydim": 2.07906,
            "zdim": 5.66962
        },
        "dend": {
            "area": 17918.61905766096,
            "breadth": 5,
            "contrac": 0.8147918776218219,
            "degree": 2,
            "diam": 2.797281362532695,
            "dist": 325.9666399248395,
            "length": 2768.9206913495577,
            "nbranch": 7,
            "nstem": 5,
            "nterm": 12,
            "order": 5,
            "seclen": 145.73266796576618,
            "sholl": {
                "crossings": [
                    5,
                    5,
                    5,
                    5,
                    5,
                    5,
                    6,
                    6,
                    6,
                    6,
                    8,
                    8,
                    9,
                    9,
                    9,
                    8,
                    8,
                    7,
                    8,
                    8,
                    8,
                    9,
                    8,
                    8,
                    8,
                    9,
                    8,
                    7,
                    7,
                    7,
                    7,
                    7,
                    8,
                    8,
                    9,
                    8,
                    8,
                    6,
                    5,
                    5,
                    4,
                    5,
                    4,
                    3,
                    3,
                    3,
                    3,
                    3,
                    3,
                    3,
                    2,
                    2,
                    2,
                    2,
                    2,
                    3,
                    2,
                    2,
                    2,
                    2,
                    4,
                    2,
                    2,
                    2,
                    2,
                    1
                ],
                "radii": [
                    0.0,
                    5.0,
                    10.0,
                    15.0,
                    20.0,
                    25.0,
                    30.0,
                    35.0,
                    40.0,
                    45.0,
                    50.0,
                    55.0,
                    60.0,
                    65.0,
                    70.0,
                    75.0,
                    80.0,
                    85.0,
                    90.0,
                    95.0,
                    100.0,
                    105.0,
                    110.0,
                    115.0,
                    120.0,
                    125.0,
                    130.0,
                    135.0,
                    140.0,
                    145.0,
                    150.0,
                    155.0,
                    160.0,
                    165.0,
                    170.0,
                    175.0,
                    180.0,
                    185.0,
                    190.0,
                    195.0,
                    200.0,
                    205.0,
                    210.0,
                    215.0,
                    220.0,
                    225.0,
                    230.0,
                    235.0,
                    240.0,
                    245.0,
                    250.0,
                    255.0,
                    260.0,
                    265.0,
                    270.0,
                    275.0,
                    280.0,
                    285.0,
                    290.0,
                    295.0,
                    300.0,
                    305.0,
                    310.0,
                    315.0,
                    320.0,
                    325.0
                ]
            },
            "volume": 17096.213338215035,
            "xdim": 424.681,
            "ydim": 413.67600000000004,
            "zdim": 204.5796
        },
        "soma": {
            "area": 882.0741410346363,
            "diam": 16.75628,
            "volume": 2463.3802146559756,
            "xroot": 0.0,
            "yroot": 0.0,
            "zroot": 0.0
        }
    }
}