{
    "Dendritic Distance": [
        52.519325874406114,
        46.81951845772158,
        84.71825778667122,
        121.78817300985858,
        108.41059557820778,
        176.05023996462492,
        37.05060249664313,
        3.060997587928271,
        235.71787336884486,
        198.0827679803682
    ],
    "Lag": [
        0.06818181818177393,
        0.04431818181815637,
        NaN,
        NaN,
        NaN,
        NaN,
        NaN,
        NaN,
        NaN,
        NaN
    ]
}