{
    "190422_8": {
        "axon": {
            "area": 211.12508751336924,
            "breadth": 1,
            "contrac": 0.7767894145347082,
            "degree": 0,
            "diam": 1.3592622222222224,
            "dist": 22.64055372556069,
            "length": 29.1463211289024,
            "nbranch": 0,
            "nstem": 1,
            "nterm": 1,
            "order": 1,
            "seclen": 29.1463211289024,
            "sholl": {
                "crossings": [
                    1,
                    1,
                    1,
                    1,
                    1
                ],
                "radii": [
                    0.0,
                    5.0,
                    10.0,
                    15.0,
                    20.0
                ]
            },
            "volume": 187.89299886206805,
            "xdim": 5.96232,
            "ydim": 11.3889,
            "zdim": 17.24624
        },
        "dend": {
            "area": 5774.3308993747105,
            "breadth": 8,
            "contrac": 0.8964525366154742,
            "degree": 2,
            "diam": 1.4428545984199472,
            "dist": 247.7827377562852,
            "length": 1444.2553637849644,
            "nbranch": 9,
            "nstem": 3,
            "nterm": 12,
            "order": 6,
            "seclen": 68.77406494214117,
            "sholl": {
                "crossings": [
                    3,
                    3,
                    3,
                    4,
                    4,
                    4,
                    5,
                    5,
                    7,
                    6,
                    6,
                    5,
                    5,
                    5,
                    4,
                    4,
                    4,
                    5,
                    5,
                    5,
                    5,
                    6,
                    6,
                    6,
                    6,
                    5,
                    5,
                    5,
                    5,
                    4,
                    4,
                    4,
                    4,
                    4,
                    4,
                    4,
                    4,
                    4,
                    4,
                    5,
                    5,
                    5,
                    5,
                    4,
                    4,
                    4,
                    3,
                    2,
                    2,
                    1
                ],
                "radii": [
                    0.0,
                    5.0,
                    10.0,
                    15.0,
                    20.0,
                    25.0,
                    30.0,
                    35.0,
                    40.0,
                    45.0,
                    50.0,
                    55.0,
                    60.0,
                    65.0,
                    70.0,
                    75.0,
                    80.0,
                    85.0,
                    90.0,
                    95.0,
                    100.0,
                    105.0,
                    110.0,
                    115.0,
                    120.0,
                    125.0,
                    130.0,
                    135.0,
                    140.0,
                    145.0,
                    150.0,
                    155.0,
                    160.0,
                    165.0,
                    170.0,
                    175.0,
                    180.0,
                    185.0,
                    190.0,
                    195.0,
                    200.0,
                    205.0,
                    210.0,
                    215.0,
                    220.0,
                    225.0,
                    230.0,
                    235.0,
                    240.0,
                    245.0
                ]
            },
            "volume": 2536.5239783411034,
            "xdim": 458.005,
            "ydim": 142.0086,
            "zdim": 160.7355
        },
        "soma": {
            "area": 362.04998535879145,
            "diam": 10.73518,
            "volume": 647.7786269706651,
            "xroot": 0.0,
            "yroot": 0.0,
            "zroot": 0.0
        }
    }
}