{
    "Dendritic Distance": [
        24.15716306983274,
        98.2251197822471,
        203.76004712310294,
        132.21348620143706,
        305.09912599797036,
        10.453160621885024,
        352.7618505158922,
        58.65855021793004,
        256.6163679553771,
        141.17255723751956
    ],
    "Lag": [
        0.0,
        0.06944444444440497,
        0.20277777777766282,
        0.08611111111106201,
        0.4249999999997611,
        0.0,
        0.34722222222202803,
        0.0277777777777612,
        0.3249999999998173,
        0.1361111111110339
    ]
}