{
    "070722_6": {
        "axon": {
            "area": 256.6457238796485,
            "breadth": 1,
            "contrac": 0.999839133850569,
            "degree": 0,
            "diam": 1.15,
            "dist": 17.627429721672414,
            "length": 17.63026583465068,
            "nbranch": 0,
            "nstem": 1,
            "nterm": 1,
            "order": 1,
            "seclen": 17.63026583465068,
            "sholl": {
                "crossings": [
                    1,
                    1,
                    1,
                    1
                ],
                "radii": [
                    0.0,
                    5.0,
                    10.0,
                    15.0
                ]
            },
            "volume": 389.35915282092276,
            "xdim": 8.2587,
            "ydim": 1.2366259999999998,
            "zdim": 6.489310000000001
        },
        "dend": {
            "area": 12177.040855008037,
            "breadth": 3,
            "contrac": 0.9567634919291944,
            "degree": 2,
            "diam": 2.349182135124571,
            "dist": 585.43449297017,
            "length": 2050.3509356029767,
            "nbranch": 4,
            "nstem": 2,
            "nterm": 6,
            "order": 3,
            "seclen": 205.03509356029767,
            "sholl": {
                "crossings": [
                    2,
                    2,
                    2,
                    2,
                    2,
                    3,
                    3,
                    3,
                    3,
                    3,
                    3,
                    3,
                    3,
                    3,
                    4,
                    4,
                    4,
                    4,
                    4,
                    5,
                    5,
                    6,
                    6,
                    6,
                    6,
                    6,
                    6,
                    5,
                    5,
                    5,
                    5,
                    5,
                    5,
                    5,
                    5,
                    5,
                    5,
                    4,
                    4,
                    4,
                    4,
                    4,
                    4,
                    4,
                    4,
                    4,
                    4,
                    4,
                    4,
                    4,
                    4,
                    4,
                    4,
                    4,
                    4,
                    4,
                    4,
                    4,
                    3,
                    3,
                    3,
                    3,
                    3,
                    3,
                    3,
                    3,
                    3,
                    3,
                    3,
                    3,
                    3,
                    3,
                    3,
                    3,
                    3,
                    3,
                    3,
                    3,
                    3,
                    3,
                    3,
                    3,
                    3,
                    3,
                    3,
                    3,
                    3,
                    2,
                    2,
                    2,
                    2,
                    2,
                    2,
                    1,
                    1,
                    1,
                    1,
                    1,
                    1,
                    1,
                    1,
                    1,
                    1,
                    1,
                    1,
                    1,
                    1,
                    1,
                    1,
                    1,
                    1,
                    1,
                    1,
                    1,
                    1,
                    1,
                    1,
                    1
                ],
                "radii": [
                    0.0,
                    5.0,
                    10.0,
                    15.0,
                    20.0,
                    25.0,
                    30.0,
                    35.0,
                    40.0,
                    45.0,
                    50.0,
                    55.0,
                    60.0,
                    65.0,
                    70.0,
                    75.0,
                    80.0,
                    85.0,
                    90.0,
                    95.0,
                    100.0,
                    105.0,
                    110.0,
                    115.0,
                    120.0,
                    125.0,
                    130.0,
                    135.0,
                    140.0,
                    145.0,
                    150.0,
                    155.0,
                    160.0,
                    165.0,
                    170.0,
                    175.0,
                    180.0,
                    185.0,
                    190.0,
                    195.0,
                    200.0,
                    205.0,
                    210.0,
                    215.0,
                    220.0,
                    225.0,
                    230.0,
                    235.0,
                    240.0,
                    245.0,
                    250.0,
                    255.0,
                    260.0,
                    265.0,
                    270.0,
                    275.0,
                    280.0,
                    285.0,
                    290.0,
                    295.0,
                    300.0,
                    305.0,
                    310.0,
                    315.0,
                    320.0,
                    325.0,
                    330.0,
                    335.0,
                    340.0,
                    345.0,
                    350.0,
                    355.0,
                    360.0,
                    365.0,
                    370.0,
                    375.0,
                    380.0,
                    385.0,
                    390.0,
                    395.0,
                    400.0,
                    405.0,
                    410.0,
                    415.0,
                    420.0,
                    425.0,
                    430.0,
                    435.0,
                    440.0,
                    445.0,
                    450.0,
                    455.0,
                    460.0,
                    465.0,
                    470.0,
                    475.0,
                    480.0,
                    485.0,
                    490.0,
                    495.0,
                    500.0,
                    505.0,
                    510.0,
                    515.0,
                    520.0,
                    525.0,
                    530.0,
                    535.0,
                    540.0,
                    545.0,
                    550.0,
                    555.0,
                    560.0,
                    565.0,
                    570.0,
                    575.0,
                    580.0,
                    585.0
                ]
            },
            "volume": 7216.327016553723,
            "xdim": 657.444,
            "ydim": 403.7118,
            "zdim": 123.54255
        },
        "soma": {
            "area": 578.2763733958241,
            "diam": 13.56728,
            "volume": 1307.6062458742826,
            "xroot": 0.0,
            "yroot": 0.0,
            "zroot": 0.0
        }
    }
}