{
    "300522_8": {
        "axon": {
            "area": 257.0949949354384,
            "breadth": 1,
            "contrac": 0.9588991915670503,
            "degree": 0,
            "diam": 1.552375666666667,
            "dist": 34.61756517914713,
            "length": 36.10136027184931,
            "nbranch": 0,
            "nstem": 1,
            "nterm": 1,
            "order": 1,
            "seclen": 36.10136027184931,
            "sholl": {
                "crossings": [
                    1,
                    1,
                    1,
                    1,
                    1,
                    1,
                    1
                ],
                "radii": [
                    0.0,
                    5.0,
                    10.0,
                    15.0,
                    20.0,
                    25.0,
                    30.0
                ]
            },
            "volume": 209.365646138931,
            "xdim": 6.038778000000001,
            "ydim": 11.465984,
            "zdim": 29.048000000000002
        },
        "dend": {
            "area": 3631.00664884042,
            "breadth": 4,
            "contrac": 0.9761417152925951,
            "degree": 2,
            "diam": 1.4938524310287522,
            "dist": 183.58669215495985,
            "length": 859.8767517370387,
            "nbranch": 8,
            "nstem": 3,
            "nterm": 11,
            "order": 4,
            "seclen": 45.25667114405467,
            "sholl": {
                "crossings": [
                    3,
                    3,
                    5,
                    5,
                    6,
                    6,
                    6,
                    7,
                    7,
                    6,
                    6,
                    6,
                    4,
                    5,
                    4,
                    3,
                    3,
                    3,
                    3,
                    3,
                    3,
                    3,
                    3,
                    3,
                    3,
                    3,
                    3,
                    4,
                    4,
                    4,
                    4,
                    4,
                    2,
                    1,
                    1,
                    1,
                    1
                ],
                "radii": [
                    0.0,
                    5.0,
                    10.0,
                    15.0,
                    20.0,
                    25.0,
                    30.0,
                    35.0,
                    40.0,
                    45.0,
                    50.0,
                    55.0,
                    60.0,
                    65.0,
                    70.0,
                    75.0,
                    80.0,
                    85.0,
                    90.0,
                    95.0,
                    100.0,
                    105.0,
                    110.0,
                    115.0,
                    120.0,
                    125.0,
                    130.0,
                    135.0,
                    140.0,
                    145.0,
                    150.0,
                    155.0,
                    160.0,
                    165.0,
                    170.0,
                    175.0,
                    180.0
                ]
            },
            "volume": 1678.193584818428,
            "xdim": 222.0503,
            "ydim": 245.8218,
            "zdim": 193.6141
        },
        "soma": {
            "area": 335.9177483675812,
            "diam": 10.3405,
            "volume": 578.9262461658288,
            "xroot": 0.0,
            "yroot": 0.0,
            "zroot": 0.0
        }
    }
}