{
    "Dendritic Distance": [
        24.214362507741093,
        162.75646361918785,
        423.6113597749442,
        396.1335306516533,
        130.96809912760818,
        46.807575946962274,
        262.2267578827719,
        62.538590701723145,
        117.68922621009129,
        97.33867746770214
    ],
    "Lag": [
        0.01315789473683313,
        0.2513157894735379,
        1.0710526315783275,
        1.5881578947359367,
        0.17236842105253092,
        0.04210526315786766,
        0.47763157894709035,
        0.08947368421047261,
        0.26315789473668805,
        0.2065789473683005
    ]
}