{
    "Dendritic Distance": [
        184.973381214406,
        205.58278306768236,
        430.095690993175,
        426.7050543460019,
        214.9113746862639,
        8.23563929146505,
        75.81472854590002,
        10.783799302013866,
        236.31842890770454,
        257.74995720794857
    ],
    "Lag": [
        0.21999999999987024,
        0.282499999999834,
        1.0649999999993696,
        1.0524999999993732,
        0.3849999999997721,
        0.0,
        0.07999999999995352,
        0.0,
        0.367499999999783,
        0.4274999999997441
    ]
}