{
    "090522_4": {
        "axon": {
            "area": 319.87328797991427,
            "breadth": 1,
            "contrac": 0.9796821000913188,
            "degree": 0,
            "diam": 1.7731620000000001,
            "dist": 29.91021183126091,
            "length": 30.530528044222606,
            "nbranch": 0,
            "nstem": 1,
            "nterm": 1,
            "order": 1,
            "seclen": 30.530528044222606,
            "sholl": {
                "crossings": [
                    1,
                    1,
                    1,
                    1,
                    1,
                    1
                ],
                "radii": [
                    0.0,
                    5.0,
                    10.0,
                    15.0,
                    20.0,
                    25.0
                ]
            },
            "volume": 397.91115805229555,
            "xdim": 20.05156,
            "ydim": 12.53977,
            "zdim": 4.47244
        },
        "dend": {
            "area": 11353.319395613273,
            "breadth": 5,
            "contrac": 0.9019884890961037,
            "degree": 2,
            "diam": 1.8593968364797402,
            "dist": 462.27382897417374,
            "length": 2097.3091042888454,
            "nbranch": 10,
            "nstem": 4,
            "nterm": 14,
            "order": 4,
            "seclen": 87.38787934536856,
            "sholl": {
                "crossings": [
                    4,
                    4,
                    5,
                    5,
                    5,
                    5,
                    5,
                    5,
                    5,
                    5,
                    5,
                    5,
                    5,
                    5,
                    5,
                    5,
                    5,
                    5,
                    4,
                    4,
                    4,
                    4,
                    4,
                    4,
                    4,
                    4,
                    4,
                    4,
                    4,
                    4,
                    4,
                    4,
                    4,
                    4,
                    4,
                    4,
                    3,
                    3,
                    3,
                    3,
                    3,
                    4,
                    4,
                    5,
                    5,
                    3,
                    3,
                    3,
                    3,
                    3,
                    3,
                    3,
                    3,
                    2,
                    2,
                    2,
                    2,
                    2,
                    2,
                    2,
                    2,
                    2,
                    2,
                    2,
                    2,
                    2,
                    3,
                    3,
                    3,
                    3,
                    2,
                    2,
                    2,
                    2,
                    2,
                    2,
                    1,
                    1,
                    1,
                    1,
                    1,
                    1,
                    1,
                    1,
                    1,
                    2,
                    1,
                    1,
                    1,
                    1,
                    1,
                    1,
                    1
                ],
                "radii": [
                    0.0,
                    5.0,
                    10.0,
                    15.0,
                    20.0,
                    25.0,
                    30.0,
                    35.0,
                    40.0,
                    45.0,
                    50.0,
                    55.0,
                    60.0,
                    65.0,
                    70.0,
                    75.0,
                    80.0,
                    85.0,
                    90.0,
                    95.0,
                    100.0,
                    105.0,
                    110.0,
                    115.0,
                    120.0,
                    125.0,
                    130.0,
                    135.0,
                    140.0,
                    145.0,
                    150.0,
                    155.0,
                    160.0,
                    165.0,
                    170.0,
                    175.0,
                    180.0,
                    185.0,
                    190.0,
                    195.0,
                    200.0,
                    205.0,
                    210.0,
                    215.0,
                    220.0,
                    225.0,
                    230.0,
                    235.0,
                    240.0,
                    245.0,
                    250.0,
                    255.0,
                    260.0,
                    265.0,
                    270.0,
                    275.0,
                    280.0,
                    285.0,
                    290.0,
                    295.0,
                    300.0,
                    305.0,
                    310.0,
                    315.0,
                    320.0,
                    325.0,
                    330.0,
                    335.0,
                    340.0,
                    345.0,
                    350.0,
                    355.0,
                    360.0,
                    365.0,
                    370.0,
                    375.0,
                    380.0,
                    385.0,
                    390.0,
                    395.0,
                    400.0,
                    405.0,
                    410.0,
                    415.0,
                    420.0,
                    425.0,
                    430.0,
                    435.0,
                    440.0,
                    445.0,
                    450.0,
                    455.0,
                    460.0
                ]
            },
            "volume": 6295.607240715777,
            "xdim": 230.7703,
            "ydim": 687.19,
            "zdim": 154.0617
        },
        "soma": {
            "area": 479.1977089443208,
            "diam": 12.35044,
            "volume": 986.383758742383,
            "xroot": 0.0,
            "yroot": 0.0,
            "zroot": 0.0
        }
    }
}