{
    "070323_7": {
        "axon": {
            "area": 271.72453219260996,
            "breadth": 1,
            "contrac": 0.9990387333267017,
            "degree": 0,
            "diam": 1.2,
            "dist": 15.548837973302057,
            "length": 15.563798934527734,
            "nbranch": 0,
            "nstem": 1,
            "nterm": 1,
            "order": 1,
            "seclen": 15.563798934527734,
            "sholl": {
                "crossings": [
                    1,
                    1,
                    1,
                    1
                ],
                "radii": [
                    0.0,
                    5.0,
                    10.0,
                    15.0
                ]
            },
            "volume": 466.175699185075,
            "xdim": 3.8933999999999997,
            "ydim": 2.3621,
            "zdim": 0.1381
        },
        "dend": {
            "area": 14812.350955525724,
            "breadth": 13,
            "contrac": 0.9116250122645546,
            "degree": 2,
            "diam": 2.066041344484139,
            "dist": 357.46560903182,
            "length": 2454.348848855446,
            "nbranch": 13,
            "nstem": 4,
            "nterm": 17,
            "order": 6,
            "seclen": 81.81162829518152,
            "sholl": {
                "crossings": [
                    4,
                    4,
                    4,
                    4,
                    4,
                    4,
                    4,
                    4,
                    4,
                    4,
                    4,
                    2,
                    2,
                    3,
                    3,
                    3,
                    3,
                    3,
                    3,
                    3,
                    4,
                    4,
                    5,
                    5,
                    5,
                    5,
                    5,
                    7,
                    7,
                    8,
                    8,
                    8,
                    8,
                    8,
                    8,
                    7,
                    7,
                    7,
                    8,
                    8,
                    7,
                    7,
                    7,
                    7,
                    7,
                    7,
                    7,
                    6,
                    6,
                    6,
                    5,
                    6,
                    6,
                    6,
                    5,
                    5,
                    4,
                    4,
                    4,
                    4,
                    4,
                    2,
                    1,
                    1,
                    1,
                    1,
                    1,
                    1,
                    1,
                    1,
                    1,
                    1
                ],
                "radii": [
                    0.0,
                    5.0,
                    10.0,
                    15.0,
                    20.0,
                    25.0,
                    30.0,
                    35.0,
                    40.0,
                    45.0,
                    50.0,
                    55.0,
                    60.0,
                    65.0,
                    70.0,
                    75.0,
                    80.0,
                    85.0,
                    90.0,
                    95.0,
                    100.0,
                    105.0,
                    110.0,
                    115.0,
                    120.0,
                    125.0,
                    130.0,
                    135.0,
                    140.0,
                    145.0,
                    150.0,
                    155.0,
                    160.0,
                    165.0,
                    170.0,
                    175.0,
                    180.0,
                    185.0,
                    190.0,
                    195.0,
                    200.0,
                    205.0,
                    210.0,
                    215.0,
                    220.0,
                    225.0,
                    230.0,
                    235.0,
                    240.0,
                    245.0,
                    250.0,
                    255.0,
                    260.0,
                    265.0,
                    270.0,
                    275.0,
                    280.0,
                    285.0,
                    290.0,
                    295.0,
                    300.0,
                    305.0,
                    310.0,
                    315.0,
                    320.0,
                    325.0,
                    330.0,
                    335.0,
                    340.0,
                    345.0,
                    350.0,
                    355.0
                ]
            },
            "volume": 8561.193226149044,
            "xdim": 339.1909,
            "ydim": 486.067,
            "zdim": 275.137
        },
        "soma": {
            "area": 444.07677522143564,
            "diam": 11.88924,
            "volume": 879.9558931722835,
            "xroot": 0.0,
            "yroot": 0.0,
            "zroot": 0.0
        }
    }
}