{
    "Dendritic Distance": [
        44.99187949010134,
        28.171338638339986,
        121.74982890107239,
        86.21616634345963,
        158.746109402752,
        170.8244091459504,
        395.6716821311356,
        412.96555588393494,
        75.2320364060992,
        103.80583462438464
    ],
    "Lag": [
        0.012499999999988631,
        0.012499999999988631,
        0.22499999999979536,
        0.13749999999987494,
        0.1999999999998181,
        0.21249999999980673,
        NaN,
        NaN,
        0.12499999999988631,
        0.237499999999784
    ]
}