{
    "050522_5": {
        "axon": {
            "area": 3183.487653325651,
            "breadth": 7,
            "contrac": 0.8987491040348451,
            "degree": 2,
            "diam": 1.0,
            "dist": 316.56056942398874,
            "length": 966.4252833624492,
            "nbranch": 6,
            "nstem": 1,
            "nterm": 7,
            "order": 7,
            "seclen": 74.3404064124961,
            "sholl": {
                "crossings": [
                    1,
                    1,
                    1,
                    1,
                    2,
                    2,
                    2,
                    2,
                    3,
                    3,
                    2,
                    2,
                    2,
                    2,
                    2,
                    2,
                    2,
                    2,
                    2,
                    2,
                    1,
                    1,
                    1,
                    1,
                    1,
                    1,
                    1,
                    1,
                    1,
                    1,
                    1,
                    1,
                    1,
                    1,
                    1,
                    1,
                    1,
                    1,
                    2,
                    1,
                    2,
                    2,
                    2,
                    2,
                    2,
                    2,
                    2,
                    2,
                    2,
                    2,
                    2,
                    2,
                    2,
                    2,
                    2,
                    2,
                    2,
                    2,
                    3,
                    4,
                    2,
                    2,
                    1,
                    1
                ],
                "radii": [
                    0.0,
                    5.0,
                    10.0,
                    15.0,
                    20.0,
                    25.0,
                    30.0,
                    35.0,
                    40.0,
                    45.0,
                    50.0,
                    55.0,
                    60.0,
                    65.0,
                    70.0,
                    75.0,
                    80.0,
                    85.0,
                    90.0,
                    95.0,
                    100.0,
                    105.0,
                    110.0,
                    115.0,
                    120.0,
                    125.0,
                    130.0,
                    135.0,
                    140.0,
                    145.0,
                    150.0,
                    155.0,
                    160.0,
                    165.0,
                    170.0,
                    175.0,
                    180.0,
                    185.0,
                    190.0,
                    195.0,
                    200.0,
                    205.0,
                    210.0,
                    215.0,
                    220.0,
                    225.0,
                    230.0,
                    235.0,
                    240.0,
                    245.0,
                    250.0,
                    255.0,
                    260.0,
                    265.0,
                    270.0,
                    275.0,
                    280.0,
                    285.0,
                    290.0,
                    295.0,
                    300.0,
                    305.0,
                    310.0,
                    315.0
                ]
            },
            "volume": 911.4730606428602,
            "xdim": 336.6815,
            "ydim": 293.2543,
            "zdim": 130.145
        },
        "dend": {
            "area": 11187.959550033253,
            "breadth": 6,
            "contrac": 0.944356051364306,
            "degree": 2,
            "diam": 2.0644182651471694,
            "dist": 446.92876436649277,
            "length": 2032.6189740713214,
            "nbranch": 10,
            "nstem": 3,
            "nterm": 13,
            "order": 5,
            "seclen": 88.37473800310093,
            "sholl": {
                "crossings": [
                    3,
                    3,
                    3,
                    4,
                    4,
                    5,
                    7,
                    7,
                    7,
                    7,
                    8,
                    7,
                    8,
                    8,
                    7,
                    7,
                    7,
                    7,
                    7,
                    7,
                    7,
                    7,
                    7,
                    7,
                    7,
                    6,
                    6,
                    6,
                    5,
                    5,
                    5,
                    5,
                    5,
                    5,
                    5,
                    5,
                    6,
                    5,
                    5,
                    5,
                    5,
                    5,
                    5,
                    5,
                    5,
                    5,
                    5,
                    5,
                    5,
                    4,
                    4,
                    3,
                    3,
                    3,
                    3,
                    3,
                    3,
                    2,
                    2,
                    2,
                    1,
                    1,
                    1,
                    1,
                    1,
                    1,
                    1,
                    1,
                    1,
                    1,
                    2,
                    2,
                    2,
                    1,
                    1,
                    1,
                    1,
                    1,
                    1,
                    1,
                    1,
                    1,
                    1,
                    3,
                    2,
                    1,
                    1,
                    1,
                    1,
                    1
                ],