{
    "120722_14: {
        "axon": {
            "area": 167.8495253006835,
            "breadth": 1,
            "contrac": 0.9993766099816354,
            "degree": 0,
            "diam": 1.01018,
            "dist": 7.278387984636433,
            "length": 7.282928089311778,
            "nbranch": 0,
            "nstem": 1,
            "nterm": 1,
            "order": 1,
            "seclen": 7.282928089311778,
            "sholl": {
                "crossings": [
                    1,
                    1
                ],
                "radii": [
                    0.0,
                    5.0
                ]
            },
            "volume": 238.69425518081746,
            "xdim": 1.4917100000000003,
            "ydim": 0.3094000000000001,
            "zdim": 0.04208999999999999
        },
        "dend": {
            "area": 14394.243619863802,
            "breadth": 8,
            "contrac": 0.895585361246228,
            "degree": 2,
            "diam": 2.0376151089110275,
            "dist": 413.94379974006137,
            "length": 2332.49433999813,
            "nbranch": 11,
            "nstem": 4,
            "nterm": 15,
            "order": 5,
            "seclen": 89.71132076915885,
            "sholl": {
                "crossings": [
                    4,
                    4,
                    4,
                    4,
                    4,
                    4,
                    5,
                    6,
                    7,
                    7,
                    9,
                    10,
                    10,
                    10,
                    9,
                    9,
                    8,
                    8,
                    7,
                    6,
                    5,
                    5,
                    5,
                    5,
                    5,
                    4,
                    4,
                    3,
                    4,
                    4,
                    4,
                    2,
                    3,
                    3,
                    3,
                    3,
                    3,
                    3,
                    3,
                    3,
                    3,
                    3,
                    3,
                    3,
                    3,
                    3,
                    3,
                    4,
                    4,
                    4,
                    4,
                    4,
                    4,
                    4,
                    4,
                    4,
                    4,
                    4,
                    3,
                    3,
                    3,
                    3,
                    3,
                    3,
                    3,
                    3,
                    3,
                    3,
                    3,
                    3,
                    3,
                    3,
                    3,
                    3,
                    3,
                    2,
                    2,
                    2,
                    3,
                    2,
                    1,
                    1,
                    1
                ],
                "radii": [
                    0.0,
                    5.0,
                    10.0,
                    15.0,
                    20.0,
                    25.0,
                    30.0,
                    35.0,
                    40.0,
                    45.0,
                    50.0,
                    55.0,
                    60.0,
                    65.0,
                    70.0,
                    75.0,
                    80.0,
                    85.0,
                    90.0,
                    95.0,
                    100.0,
                    105.0,
                    110.0,
                    115.0,
                    120.0,
                    125.0,
                    130.0,
                    135.0,
                    140.0,
                    145.0,
                    150.0,
                    155.0,
                    160.0,
                    165.0,
                    170.0,
                    175.0,
                    180.0,
                    185.0,
                    190.0,
                    195.0,
                    200.0,
                    205.0,
                    210.0,
                    215.0,
                    220.0,
                    225.0,
                    230.0,
                    235.0,
                    240.0,
                    245.0,
                    250.0,
                    255.0,
                    260.0,
                    265.0,
                    270.0,
                    275.0,
                    280.0,
                    285.0,
                    290.0,
                    295.0,
                    300.0,
                    305.0,
                    310.0,
                    315.0,
                    320.0,
                    325.0,
                    330.0,
                    335.0,
                    340.0,
                    345.0,
                    350.0,
                    355.0,
                    360.0,
                    365.0,
                    370.0,
                    375.0,
                    380.0,
                    385.0,
                    390.0,
                    395.0,
                    400.0,
                    405.0,
                    410.0
                ]
            },
            "volume": 8594.475554870894,
            "xdim": 506.08799999999997,
            "ydim": 467.63599999999997,
            "zdim": 147.8939
        },
        "soma": {
            "area": 453.92575223432635,
            "diam": 12.02036,
            "volume": 909.3918258545679,
            "xroot": 0.0,
            "yroot": 0.0,
            "zroot": 0.0
        }
    }
}