{
    "Dendritic Distance": [
        1.9723804176224982,
        25.464710961460405,
        94.34434862567878,
        123.3124101517248,
        28.209248705063942,
        48.20931411877504,
        207.53361278907624,
        400.0173322073415,
        453.814740924829,
        120.3239221970495
    ],
    "Lag": [
        0.0,
        0.0192307692307583,
        0.11923076923070014,
        0.2692307692306129,
        0.017307692307683125,
        0.04423076923074376,
        0.24999999999985462,
        0.8461538461533553,
        0.9211538461533118,
        0.12692307692300467
    ]
}