{
    "090522_3": {
        "axon": {
            "area": 304.1329764345244,
            "breadth": 1,
            "contrac": 0.8721753398890515,
            "degree": 0,
            "diam": 1.035294117647059,
            "dist": 48.483667756678635,
            "length": 55.58935862924787,
            "nbranch": 0,
            "nstem": 1,
            "nterm": 1,
            "order": 1,
            "seclen": 55.58935862924787,
            "sholl": {
                "crossings": [
                    1,
                    1,
                    1,
                    1,
                    1,
                    1,
                    1,
                    1,
                    1,
                    1
                ],
                "radii": [
                    0.0,
                    5.0,
                    10.0,
                    15.0,
                    20.0,
                    25.0,
                    30.0,
                    35.0,
                    40.0,
                    45.0
                ]
            },
            "volume": 187.65989907766624,
            "xdim": 35.791669999999996,
            "ydim": 27.41328,
            "zdim": 11.36546
        },
        "dend": {
            "area": 7801.341250889384,
            "breadth": 11,
            "contrac": 0.9094246236205996,
            "degree": 2,
            "diam": 1.5133672464177126,
            "dist": 486.78440496455926,
            "length": 1723.7645282753301,
            "nbranch": 16,
            "nstem": 2,
            "nterm": 18,
            "order": 7,
            "seclen": 50.698956713980294,
            "sholl": {
                "crossings": [
                    2,
                    2,
                    2,
                    3,
                    4,
                    3,
                    4,
                    5,
                    5,
                    5,
                    4,
                    4,
                    3,
                    3,
                    3,
                    3,
                    4,
                    4,
                    4,
                    3,
                    3,
                    3,
                    5,
                    4,
                    4,
                    5,
                    5,
                    4,
                    3,
                    3,
                    4,
                    3,
                    2,
                    2,
                    2,
                    2,
                    2,
                    2,
                    2,
                    3,
                    3,
                    2,
                    2,
                    2,
                    2,
                    2,
                    3,
                    3,
                    2,
                    2,
                    2,
                    2,
                    2,
                    2,
                    2,
                    1,
                    1,
                    1,
                    1,
                    1,
                    1,
                    1,
                    1,
                    1,
                    1,
                    1,
                    1,
                    1,
                    1,
                    1,
                    1,
                    1,
                    1,
                    1,
                    1,
                    1,
                    1,
                    1,
                    1,
                    1,
                    3,
                    2,
                    2,
                    2,
                    2,
                    3,
                    2,
                    2,
                    2,
                    2,
                    2,
                    1,
                    2,
                    1,
                    1,
                    1,
                    1,
                    1
                ],
                "radii": [
                    0.0,
                    5.0,
                    10.0,
                    15.0,
                    20.0,
                    25.0,
                    30.0,
                    35.0,
                    40.0,
                    45.0,
                    50.0,
                    55.0,
                    60.0,
                    65.0,
                    70.0,
                    75.0,
                    80.0,
                    85.0,
                    90.0,
                    95.0,
                    100.0,
                    105.0,
                    110.0,
                    115.0,
                    120.0,
                    125.0,
                    130.0,
                    135.0,
                    140.0,
                    145.0,
                    150.0,
                    155.0,
                    160.0,
                    165.0,
                    170.0,
                    175.0,
                    180.0,
                    185.0,
                    190.0,
                    195.0,
                    200.0,
                    205.0,
                    210.0,
                    215.0,
                    220.0,
                    225.0,
                    230.0,
                    235.0,
                    240.0,
                    245.0,
                    250.0,
                    255.0,
                    260.0,
                    265.0,
                    270.0,
                    275.0,
                    280.0,
                    285.0,
                    290.0,
                    295.0,
                    300.0,
                    305.0,
                    310.0,
                    315.0,
                    320.0,
                    325.0,
                    330.0,
                    335.0,
                    340.0,
                    345.0,
                    350.0,
                    355.0,
                    360.0,
                    365.0,
                    370.0,
                    375.0,
                    380.0,
                    385.0,
                    390.0,
                    395.0,
                    400.0,
                    405.0,
                    410.0,
                    415.0,
                    420.0,
                    425.0,
                    430.0,
                    435.0,
                    440.0,
                    445.0,
                    450.0,
                    455.0,
                    460.0,
                    465.0,
                    470.0,
                    475.0,
                    480.0,
                    485.0
                ]
            },
            "volume": 3557.5843221953282,
            "xdim": 304.35900000000004,
            "ydim": 534.1169,
            "zdim": 175.4365
        },
        "soma": {
            "area": 470.2583569885445,
            "diam": 12.2347,
            "volume": 958.911653374624,
            "xroot": 0.0,
            "yroot": 0.0,
            "zroot": 0.0
        }
    }
}