{
    "Dendritic Distance": [
        130.21251591535648,
        35.737415184506936,
        50.34156081482214,
        182.78913572821605,
        115.8536593526583,
        20.584447597589662,
        26.611203630431852,
        29.859907098503374,
        292.3544681787277,
        253.18601330055137
    ],
    "Lag": [
        0.20178571428559774,
        NaN,
        NaN,
        NaN,
        NaN,
        0.0339285714285492,
        0.08571428571423212,
        0.14285714285705506,
        NaN,
        NaN
    ]
}