{
    "070722_10": {
        "axon": {
            "area": 842.7584437281317,
            "breadth": 1,
            "contrac": 0.8792243806104288,
            "degree": 0,
            "diam": 1.1198077283950616,
            "dist": 154.4937990035846,
            "length": 175.71600880348936,
            "nbranch": 0,
            "nstem": 1,
            "nterm": 1,
            "order": 1,
            "seclen": 175.71600880348936,
            "sholl": {
                "crossings": [
                    1,
                    1,
                    1,
                    1,
                    1,
                    1,
                    1,
                    1,
                    1,
                    1,
                    1,
                    1,
                    1,
                    1,
                    1,
                    1,
                    1,
                    1,
                    1,
                    1,
                    1,
                    1,
                    1,
                    1,
                    1,
                    1,
                    1,
                    1,
                    1,
                    1,
                    1
                ],
                "radii": [
                    0.0,
                    5.0,
                    10.0,
                    15.0,
                    20.0,
                    25.0,
                    30.0,
                    35.0,
                    40.0,
                    45.0,
                    50.0,
                    55.0,
                    60.0,
                    65.0,
                    70.0,
                    75.0,
                    80.0,
                    85.0,
                    90.0,
                    95.0,
                    100.0,
                    105.0,
                    110.0,
                    115.0,
                    120.0,
                    125.0,
                    130.0,
                    135.0,
                    140.0,
                    145.0,
                    150.0
                ]
            },
            "volume": 663.4749114913845,
            "xdim": 146.248,
            "ydim": 39.730000000000004,
            "zdim": 12.081
        },
        "dend": {
            "area": 6682.654608248723,
            "breadth": 6,
            "contrac": 0.8840089529604889,
            "degree": 2,
            "diam": 1.7941015894254755,
            "dist": 299.2859290309018,
            "length": 1277.1740984404335,
            "nbranch": 9,
            "nstem": 2,
            "nterm": 11,
            "order": 4,
            "seclen": 63.85870492202167,
            "sholl": {
                "crossings": [
                    2,
                    2,
                    2,
                    2,
                    3,
                    2,
                    4,
                    4,
                    5,
                    6,
                    6,
                    6,
                    6,
                    6,
                    6,
                    6,
                    6,
                    7,
                    7,
                    7,
                    7,
                    7,
                    5,
                    5,
                    5,
                    5,
                    5,
                    5,
                    5,
                    5,
                    4,
                    3,
                    2,
                    2,
                    2,
                    2,
                    2,
                    2,
                    2,
                    2,
                    2,
                    2,
                    1,
                    1,
                    1,
                    1,
                    1,
                    1,
                    1,
                    1,
                    2,
                    1,
                    1,
                    1,
                    1,
                    1,
                    1,
                    1,
                    1,
                    1
                ],
                "radii": [
                    0.0,
                    5.0,
                    10.0,
                    15.0,
                    20.0,
                    25.0,
                    30.0,
                    35.0,
                    40.0,
                    45.0,
                    50.0,
                    55.0,
                    60.0,
                    65.0,
                    70.0,
                    75.0,
                    80.0,
                    85.0,
                    90.0,
                    95.0,
                    100.0,
                    105.0,
                    110.0,
                    115.0,
                    120.0,
                    125.0,
                    130.0,
                    135.0,
                    140.0,
                    145.0,
                    150.0,
                    155.0,
                    160.0,
                    165.0,
                    170.0,
                    175.0,
                    180.0,
                    185.0,
                    190.0,
                    195.0,
                    200.0,
                    205.0,
                    210.0,
                    215.0,
                    220.0,
                    225.0,
                    230.0,
                    235.0,
                    240.0,
                    245.0,
                    250.0,
                    255.0,
                    260.0,
                    265.0,
                    270.0,
                    275.0,
                    280.0,
                    285.0,
                    290.0,
                    295.0
                ]
            },
            "volume": 3983.7264213761646,
            "xdim": 337.44399999999996,
            "ydim": 403.76,
            "zdim": 73.9998
        },
        "soma": {
            "area": 635.2206856787739,
            "diam": 14.2196,
            "volume": 1505.4306770129822,
            "xroot": 0.0,
            "yroot": 0.0,
            "zroot": 0.0
        }
    }
}