{
    "071021_9": {
        "axon": {
            "area": 282.85166989769726,
            "breadth": 1,
            "contrac": 0.9823433779414138,
            "degree": 0,
            "diam": 1.0,
            "dist": 55.510698655304274,
            "length": 56.508446946150116,
            "nbranch": 0,
            "nstem": 1,
            "nterm": 1,
            "order": 1,
            "seclen": 56.508446946150116,
            "sholl": {
                "crossings": [
                    1,
                    1,
                    1,
                    1,
                    1,
                    1,
                    1,
                    1,
                    1,
                    1,
                    1,
                    1
                ],
                "radii": [
                    0.0,
                    5.0,
                    10.0,
                    15.0,
                    20.0,
                    25.0,
                    30.0,
                    35.0,
                    40.0,
                    45.0,
                    50.0,
                    55.0
                ]
            },
            "volume": 155.49994775162358,
            "xdim": 40.85789,
            "ydim": 25.4927,
            "zdim": 20.60424
        },
        "dend": {
            "area": 5280.729568622936,
            "breadth": 6,
            "contrac": 0.9066026811518174,
            "degree": 2,
            "diam": 1.4003141411164124,
            "dist": 216.69193692198633,
            "length": 1272.3523959382221,
            "nbranch": 12,
            "nstem": 4,
            "nterm": 16,
            "order": 6,
            "seclen": 45.44115699779365,
            "sholl": {
                "crossings": [
                    4,
                    4,
                    4,
                    5,
                    6,
                    7,
                    7,
                    6,
                    8,
                    8,
                    7,
                    6,
                    6,
                    6,
                    7,
                    7,
                    7,
                    6,
                    6,
                    6,
                    6,
                    6,
                    5,
                    6,
                    4,
                    4,
                    4,
                    4,
                    4,
                    3,
                    3,
                    3,
                    3,
                    3,
                    3,
                    2,
                    2,
                    3,
                    2,
                    1,
                    1,
                    1,
                    1,
                    1
                ],
                "radii": [
                    0.0,
                    5.0,
                    10.0,
                    15.0,
                    20.0,
                    25.0,
                    30.0,
                    35.0,
                    40.0,
                    45.0,
                    50.0,
                    55.0,
                    60.0,
                    65.0,
                    70.0,
                    75.0,
                    80.0,
                    85.0,
                    90.0,
                    95.0,
                    100.0,
                    105.0,
                    110.0,
                    115.0,
                    120.0,
                    125.0,
                    130.0,
                    135.0,
                    140.0,
                    145.0,
                    150.0,
                    155.0,
                    160.0,
                    165.0,
                    170.0,
                    175.0,
                    180.0,
                    185.0,
                    190.0,
                    195.0,
                    200.0,
                    205.0,
                    210.0,
                    215.0
                ]
            },
            "volume": 2609.4813170513207,
            "xdim": 232.848,
            "ydim": 378.529,
            "zdim": 90.7222
        },
        "soma": {
            "area": 395.7652010621689,
            "diam": 11.223902,
            "volume": 740.33830528868,
            "xroot": 0.0,
            "yroot": 0.0,
            "zroot": 0.0
        }
    }
}