{
    "Dendritic Distance": [
        66.93802207244993,
        40.71128303040211,
        51.373304624702605,
        18.20187569087885,
        67.79711738725445,
        86.68669600967975,
        70.53433016021624,
        85.32413253604999,
        65.63924441864198,
        49.19679919244028
    ],
    "Lag": [
        0.1249999999999325,
        0.05555555555552516,
        0.05694444444441436,
        0.04305555555552942,
        NaN,
        NaN,
        NaN,
        NaN,
        0.06527777777774288,
        0.0749999999999606
    ]
}