{
    "070722_11": {
        "axon": {
            "area": 496.2888244573857,
            "breadth": 1,
            "contrac": 0.9717986202748137,
            "degree": 0,
            "diam": 1.0,
            "dist": 115.70752565658813,
            "length": 119.06533230502771,
            "nbranch": 0,
            "nstem": 1,
            "nterm": 1,
            "order": 1,
            "seclen": 119.06533230502771,
            "sholl": {
                "crossings": [
                    1,
                    1,
                    1,
                    1,
                    1,
                    1,
                    1,
                    1,
                    1,
                    1,
                    1,
                    1,
                    1,
                    1,
                    1,
                    1,
                    1,
                    1,
                    1,
                    1,
                    1,
                    1,
                    1,
                    1
                ],
                "radii": [
                    0.0,
                    5.0,
                    10.0,
                    15.0,
                    20.0,
                    25.0,
                    30.0,
                    35.0,
                    40.0,
                    45.0,
                    50.0,
                    55.0,
                    60.0,
                    65.0,
                    70.0,
                    75.0,
                    80.0,
                    85.0,
                    90.0,
                    95.0,
                    100.0,
                    105.0,
                    110.0,
                    115.0
                ]
            },
            "volume": 220.66235845325565,
            "xdim": 109.04339,
            "ydim": 18.598568,
            "zdim": 21.99859
        },
        "dend": {
            "area": 6001.5855843919835,
            "breadth": 3,
            "contrac": 0.9224140948639372,
            "degree": 2,
            "diam": 1.9565153579019432,
            "dist": 286.94010836061244,
            "length": 1082.173356616689,
            "nbranch": 6,
            "nstem": 4,
            "nterm": 10,
            "order": 3,
            "seclen": 67.63583478854306,
            "sholl": {
                "crossings": [
                    4,
                    4,
                    4,
                    4,
                    5,
                    5,
                    5,
                    6,
                    7,
                    6,
                    6,
                    5,
                    5,
                    5,
                    4,
                    4,
                    5,
                    6,
                    6,
                    5,
                    5,
                    3,
                    2,
                    2,
                    2,
                    2,
                    2,
                    2,
                    2,
                    2,
                    2,
                    2,
                    2,
                    2,
                    2,
                    2,
                    2,
                    2,
                    2,
                    2,
                    2,
                    2,
                    2,
                    2,
                    2,
                    2,
                    2,
                    2,
                    2,
                    1,
                    1,
                    1,
                    1,
                    1,
                    1,
                    1,
                    1,
                    1
                ],
                "radii": [
                    0.0,
                    5.0,
                    10.0,
                    15.0,
                    20.0,
                    25.0,
                    30.0,
                    35.0,
                    40.0,
                    45.0,
                    50.0,
                    55.0,
                    60.0,
                    65.0,
                    70.0,
                    75.0,
                    80.0,
                    85.0,
                    90.0,
                    95.0,
                    100.0,
                    105.0,
                    110.0,
                    115.0,
                    120.0,
                    125.0,
                    130.0,
                    135.0,
                    140.0,
                    145.0,
                    150.0,
                    155.0,
                    160.0,
                    165.0,
                    170.0,
                    175.0,
                    180.0,
                    185.0,
                    190.0,
                    195.0,
                    200.0,
                    205.0,
                    210.0,
                    215.0,
                    220.0,
                    225.0,
                    230.0,
                    235.0,
                    240.0,
                    245.0,
                    250.0,
                    255.0,
                    260.0,
                    265.0,
                    270.0,
                    275.0,
                    280.0,
                    285.0
                ]
            },
            "volume": 3737.083505808384,
            "xdim": 260.4277,
            "ydim": 419.371,
            "zdim": 122.75200000000001
        },
        "soma": {
            "area": 465.51808136063386,
            "diam": 12.17288,
            "volume": 944.4492903722053,
            "xroot": 0.0,
            "yroot": 0.0,
            "zroot": 0.0
        }
    }
}