{
    "100123_6": {
        "axon": {
            "area": 568.5472769925517,
            "breadth": 1,
            "contrac": 0.9864315106133413,
            "degree": 0,
            "diam": 1.0,
            "dist": 22.447211511947312,
            "length": 22.755975727083303,
            "nbranch": 0,
            "nstem": 1,
            "nterm": 1,
            "order": 1,
            "seclen": 22.755975727083303,
            "sholl": {
                "crossings": [
                    1,
                    1,
                    1,
                    1,
                    1
                ],
                "radii": [
                    0.0,
                    5.0,
                    10.0,
                    15.0,
                    20.0
                ]
            },
            "volume": 1473.750315108058,
            "xdim": 2.2962099999999994,
            "ydim": 6.304999999999998,
            "zdim": 2.0205699999999998
        },
        "dend": {
            "area": 21006.93112769086,
            "breadth": 13,
            "contrac": 0.9295307157812288,
            "degree": 2,
            "diam": 1.826247958428057,
            "dist": 1133.0062599503324,
            "length": 4096.2832160341,
            "nbranch": 18,
            "nstem": 3,
            "nterm": 21,
            "order": 8,
            "seclen": 105.03290297523334,
            "sholl": {
                "crossings": [
                    3,
                    3,
                    3,
                    3,
                    3,
                    4,
                    4,
                    4,
                    4,
                    5,
                    5,
                    5,
                    5,
                    5,
                    5,
                    6,
                    6,
                    6,
                    6,
                    6,
                    6,
                    6,
                    6,
                    6,
                    6,
                    7,
                    7,
                    7,
                    7,
                    7,
                    7,
                    7,
                    7,
                    7,
                    7,
                    7,
                    7,
                    7,
                    7,
                    7,
                    6,
                    5,
                    4,
                    4,
                    4,
                    4,
                    4,
                    4,
                    4,
                    3,
                    3,
                    3,
                    3,
                    3,
                    3,
                    3,
                    3,
                    3,
                    3,
                    3,
                    3,
                    3,
                    3,
                    3,
                    3,
                    3,
                    2,
                    2,
                    2,
                    2,
                    2,
                    2,
                    2,
                    2,
                    2,
                    2,
                    2,
                    2,
                    2,
                    2,
                    2,
                    2,
                    2,
                    2,
                    2,
                    2,
                    2,
                    2,
                    2,
                    2,
                    2,
                    2,
                    2,
                    2,
                    3,
                    3,
                    3,
                    3,
                    3,
                    3,
                    3,
                    3,
                    3,
                    3,
                    3,
                    3,
                    3,
                    3,
                    3,
                    3,
                    2,
                    2,
                    2,
                    2,
                    2,
                    2,
                    2,
                    2,
                    2,
                    2,
                    2,
                    2,
                    2,
                    3,
                    3,
                    2,
                    2,
                    2,
                    2,
                    2,
                    3,
                    3,
                    2,
                    2,
                    2,
                    1,
                    1,
                    1,
                    1,
                    1,
                    1,
                    1,
                    1,
                    1,
                    1,
                    1,
                    1,
                    1,
                    1,
                    1,
                    1,
                    1,
                    1,
                    1,
                    1,
                    1,
                    1,
                    1,
                    1,
                    1,
                    1,
                    1,
                    1,
                    1,
                    1,
                    1,
                    1,
                    1,
                    1,
                    1,
                    1,
                    1,
                    1,
                    1,
                    1,
                    1,
                    1,
                    1,
                    1,
                    1,
                    1,
                    1,
                    1,
                    1,
                    1,
                    1,
                    1,
                    1,
                    1,
                    1,
                    1,
                    1,
                    1,
                    1,
                    1,
                    1,
                    1,
                    1,
                    1,
                    1,
                    2,
                    2,
                    2,
                    2,
                    2,
                    2,
                    2,
                    2,
                    3,
                    3,
                    2,
                    1,
                    1,
                    1,
                    1,
                    1,
                    1,
                    1,
                    1,
                    1,
                    1,
                    2,
                    2,
                    1,
                    1,
                    1,
                    1
                ],