{
    "1":{
        "synapse":  {
            "tau1_ampa": 0.6283535981384717,
            "tau2_ampa": 2.9385835406316144,
            "tau3_ampa": 10.240572140867464,
            "I2_ampa": -1.883155987895154,
            "I3_ampa": -0.2155221509330536,
            "tpeak_ampa": 1.5486046508444364,
            "factor_ampa": -0.9179942182356502,
            "tau1_nmda": 9.500738267287074,
            "tau2_nmda": 45.33720838128528,
            "tau3_nmda": 216.05620043140704,
            "I2_nmda": 0.8911069847291506,
            "I3_nmda": 0.6390553450700409,
            "tpeak_nmda": 22.851601229143263,
            "factor_nmda": 1.0254984293937939,
            "nmda_ratio": 0.08,
            "tauR": 0.1,
            "tauF": 0.058,
            "U":0.31,
            "failRate": 0,
            "failRateACh":1,
            "failRateDA": 1,
            "levelACh":1,
            "levelDA": 1,
            "e":0
        }
    }
}