{
    "190422_6": {
        "axon": {
            "area": 194.71073102043704,
            "breadth": 1,
            "contrac": 0.9207745744199817,
            "degree": 0,
            "diam": 1.078403818181818,
            "dist": 31.238362843735903,
            "length": 33.926178797251985,
            "nbranch": 0,
            "nstem": 1,
            "nterm": 1,
            "order": 1,
            "seclen": 33.926178797251985,
            "sholl": {
                "crossings": [
                    1,
                    1,
                    1,
                    1,
                    1,
                    1,
                    1
                ],
                "radii": [
                    0.0,
                    5.0,
                    10.0,
                    15.0,
                    20.0,
                    25.0,
                    30.0
                ]
            },
            "volume": 123.83569146072591,
            "xdim": 8.224393,
            "ydim": 22.1868,
            "zdim": 15.70636
        },
        "dend": {
            "area": 4398.940424297901,
            "breadth": 3,
            "contrac": 0.9384418994137396,
            "degree": 2,
            "diam": 1.6283473519901397,
            "dist": 217.12132543639305,
            "length": 872.9088113046722,
            "nbranch": 4,
            "nstem": 4,
            "nterm": 8,
            "order": 3,
            "seclen": 72.74240094205602,
            "sholl": {
                "crossings": [
                    4,
                    4,
                    4,
                    4,
                    4,
                    5,
                    6,
                    6,
                    6,
                    5,
                    5,
                    5,
                    5,
                    4,
                    4,
                    4,
                    5,
                    4,
                    4,
                    4,
                    4,
                    4,
                    3,
                    4,
                    3,
                    3,
                    3,
                    3,
                    2,
                    2,
                    2,
                    2,
                    2,
                    2,
                    2,
                    2,
                    2,
                    2,
                    2,
                    2,
                    2,
                    1,
                    1,
                    1
                ],
                "radii": [
                    0.0,
                    5.0,
                    10.0,
                    15.0,
                    20.0,
                    25.0,
                    30.0,
                    35.0,
                    40.0,
                    45.0,
                    50.0,
                    55.0,
                    60.0,
                    65.0,
                    70.0,
                    75.0,
                    80.0,
                    85.0,
                    90.0,
                    95.0,
                    100.0,
                    105.0,
                    110.0,
                    115.0,
                    120.0,
                    125.0,
                    130.0,
                    135.0,
                    140.0,
                    145.0,
                    150.0,
                    155.0,
                    160.0,
                    165.0,
                    170.0,
                    175.0,
                    180.0,
                    185.0,
                    190.0,
                    195.0,
                    200.0,
                    205.0,
                    210.0,
                    215.0
                ]
            },
            "volume": 2270.992620263385,
            "xdim": 413.82500000000005,
            "ydim": 154.1673,
            "zdim": 59.561
        },
        "soma": {
            "area": 307.15156553179884,
            "diam": 9.88784,
            "volume": 506.17758928799026,
            "xroot": 0.0,
            "yroot": 0.0,
            "zroot": 0.0
        }
    }
}