{
    "300522_7": {
        "axon": {
            "area": 272.8325261627718,
            "breadth": 1,
            "contrac": 0.9235690069177587,
            "degree": 0,
            "diam": 1.0,
            "dist": 37.52941318699241,
            "length": 40.635202032428424,
            "nbranch": 0,
            "nstem": 1,
            "nterm": 1,
            "order": 1,
            "seclen": 40.635202032428424,
            "sholl": {
                "crossings": [
                    1,
                    1,
                    1,
                    1,
                    1,
                    1,
                    1,
                    1
                ],
                "radii": [
                    0.0,
                    5.0,
                    10.0,
                    15.0,
                    20.0,
                    25.0,
                    30.0,
                    35.0
                ]
            },
            "volume": 187.3351482644025,
            "xdim": 23.54715,
            "ydim": 25.240319999999997,
            "zdim": 7.87747
        },
        "dend": {
            "area": 7623.242358125233,
            "breadth": 6,
            "contrac": 0.9200205824550494,
            "degree": 2,
            "diam": 1.5895181649983048,
            "dist": 270.2226469143547,
            "length": 1447.7354667484763,
            "nbranch": 10,
            "nstem": 3,
            "nterm": 13,
            "order": 4,
            "seclen": 62.945020293412014,
            "sholl": {
                "crossings": [
                    3,
                    3,
                    3,
                    3,
                    3,
                    5,
                    5,
                    5,
                    5,
                    5,
                    5,
                    6,
                    5,
                    5,
                    5,
                    5,
                    5,
                    5,
                    5,
                    5,
                    4,
                    5,
                    5,
                    5,
                    5,
                    5,
                    4,
                    4,
                    4,
                    4,
                    4,
                    4,
                    4,
                    4,
                    5,
                    7,
                    7,
                    7,
                    6,
                    6,
                    5,
                    6,
                    3,
                    3,
                    3,
                    3,
                    3,
                    3,
                    3,
                    3,
                    2,
                    2,
                    2,
                    2,
                    1
                ],
                "radii": [
                    0.0,
                    5.0,
                    10.0,
                    15.0,
                    20.0,
                    25.0,
                    30.0,
                    35.0,
                    40.0,
                    45.0,
                    50.0,
                    55.0,
                    60.0,
                    65.0,
                    70.0,
                    75.0,
                    80.0,
                    85.0,
                    90.0,
                    95.0,
                    100.0,
                    105.0,
                    110.0,
                    115.0,
                    120.0,
                    125.0,
                    130.0,
                    135.0,
                    140.0,
                    145.0,
                    150.0,
                    155.0,
                    160.0,
                    165.0,
                    170.0,
                    175.0,
                    180.0,
                    185.0,
                    190.0,
                    195.0,
                    200.0,
                    205.0,
                    210.0,
                    215.0,
                    220.0,
                    225.0,
                    230.0,
                    235.0,
                    240.0,
                    245.0,
                    250.0,
                    255.0,
                    260.0,
                    265.0,
                    270.0
                ]
            },
            "volume": 4524.7916729333565,
            "xdim": 411.11,
            "ydim": 420.071,
            "zdim": 71.12624
        },
        "soma": {
            "area": 554.8909954760758,
            "diam": 13.29012,
            "volume": 1229.0946527994174,
            "xroot": 0.0,
            "yroot": 0.0,
            "zroot": 0.0
        }
    }
}