{
    "070722_8": {
        "axon": {
            "area": 2781.6881507030657,
            "breadth": 3,
            "contrac": 0.8845254510059235,
            "degree": 2,
            "diam": 1.0,
            "dist": 468.9964630133579,
            "length": 848.4604611843648,
            "nbranch": 2,
            "nstem": 1,
            "nterm": 3,
            "order": 3,
            "seclen": 169.69209223687295,
            "sholl": {
                "crossings": [
                    1,
                    1,
                    1,
                    1,
                    1,
                    1,
                    1,
                    1,
                    1,
                    2,
                    2,
                    2,
                    2,
                    2,
                    2,
                    2,
                    2,
                    2,
                    2,
                    2,
                    2,
                    2,
                    2,
                    2,
                    2,
                    2,
                    2,
                    2,
                    2,
                    2,
                    2,
                    2,
                    2,
                    2,
                    2,
                    2,
                    2,
                    2,
                    2,
                    2,
                    2,
                    2,
                    2,
                    2,
                    2,
                    2,
                    2,
                    2,
                    2,
                    1,
                    1,
                    1,
                    1,
                    1,
                    1,
                    1,
                    1,
                    1,
                    1,
                    1,
                    1,
                    1,
                    1,
                    1,
                    1,
                    1,
                    1,
                    1,
                    1,
                    1,
                    1,
                    1,
                    1,
                    1,
                    1,
                    1,
                    1,
                    1,
                    1,
                    1,
                    1,
                    1,
                    1,
                    1,
                    1,
                    1,
                    1,
                    1,
                    2,
                    2,
                    2,
                    2,
                    3,
                    1
                ],
                "radii": [
                    0.0,
                    5.0,
                    10.0,
                    15.0,
                    20.0,
                    25.0,
                    30.0,
                    35.0,
                    40.0,
                    45.0,
                    50.0,
                    55.0,
                    60.0,
                    65.0,
                    70.0,
                    75.0,
                    80.0,
                    85.0,
                    90.0,
                    95.0,
                    100.0,
                    105.0,
                    110.0,
                    115.0,
                    120.0,
                    125.0,
                    130.0,
                    135.0,
                    140.0,
                    145.0,
                    150.0,
                    155.0,
                    160.0,
                    165.0,
                    170.0,
                    175.0,
                    180.0,
                    185.0,
                    190.0,
                    195.0,
                    200.0,
                    205.0,
                    210.0,
                    215.0,
                    220.0,
                    225.0,
                    230.0,
                    235.0,
                    240.0,
                    245.0,
                    250.0,
                    255.0,
                    260.0,
                    265.0,
                    270.0,
                    275.0,
                    280.0,
                    285.0,
                    290.0,
                    295.0,
                    300.0,
                    305.0,
                    310.0,
                    315.0,
                    320.0,
                    325.0,
                    330.0,
                    335.0,
                    340.0,
                    345.0,
                    350.0,
                    355.0,
                    360.0,
                    365.0,
                    370.0,
                    375.0,
                    380.0,
                    385.0,
                    390.0,
                    395.0,
                    400.0,
                    405.0,
                    410.0,
                    415.0,
                    420.0,
                    425.0,
                    430.0,
                    435.0,
                    440.0,
                    445.0,
                    450.0,
                    455.0,
                    460.0,
                    465.0
                ]
            },
            "volume": 791.5334228589497,
            "xdim": 434.74008,
            "ydim": 284.5939,
            "zdim": 52.7762
        },
        "dend": {
            "area": 7732.655343056238,
            "breadth": 9,
            "contrac": 0.9511589013364677,
            "degree": 2,
            "diam": 1.8978475083559143,
            "dist": 220.34941674531387,
            "length": 1381.5536590943389,
            "nbranch": 10,
            "nstem": 4,
            "nterm": 15,
            "order": 6,
            "seclen": 55.26214636377355,
            "sholl": {
                "crossings": [
                    5,
                    6,
                    6,
                    6,
                    7,
                    8,
                    8,
                    9,
                    8,
                    8,
                    8,
                    7,
                    7,
                    8,
                    8,
                    8,
                    8,
                    8,
                    9,
                    7,
                    7,
                    5,
                    5,
                    5,
                    5,
                    5,
                    4,
                    4,
                    4,
                    4,
                    4,
                    4,
                    4,
                    3,
                    3,
                    3,
                    3,
                    2,
                    2,
                    2,
                    2,
                    2,
                    1,
                    1,
                    1
                ],