{
    "090522_8": {
        "axon": {
            "area": 285.8194256015793,
            "breadth": 1,
            "contrac": 0.9674499767501635,
            "degree": 0,
            "diam": 1.288925,
            "dist": 14.771928790188504,
            "length": 15.26893291145661,
            "nbranch": 0,
            "nstem": 1,
            "nterm": 1,
            "order": 1,
            "seclen": 15.26893291145661,
            "sholl": {
                "crossings": [
                    1,
                    1,
                    1
                ],
                "radii": [
                    0.0,
                    5.0,
                    10.0
                ]
            },
            "volume": 506.3871606857227,
            "xdim": 2.5003119999999996,
            "ydim": 0.7123649999999999,
            "zdim": 5.766859999999999
        },
        "dend": {
            "area": 11353.281151089772,
            "breadth": 14,
            "contrac": 0.9577646539592367,
            "degree": 2,
            "diam": 1.5985652831189927,
            "dist": 413.46562793218976,
            "length": 2237.408926592865,
            "nbranch": 14,
            "nstem": 3,
            "nterm": 17,
            "order": 6,
            "seclen": 72.17448150299565,
            "sholl": {
                "crossings": [
                    3,
                    3,
                    3,
                    3,
                    3,
                    3,
                    4,
                    4,
                    5,
                    5,
                    5,
                    5,
                    5,
                    5,
                    5,
                    5,
                    4,
                    4,
                    4,
                    4,
                    4,
                    4,
                    4,
                    4,
                    5,
                    3,
                    3,
                    3,
                    3,
                    3,
                    3,
                    4,
                    4,
                    4,
                    5,
                    5,
                    6,
                    7,
                    7,
                    7,
                    6,
                    7,
                    7,
                    7,
                    7,
                    6,
                    4,
                    4,
                    4,
                    4,
                    3,
                    3,
                    3,
                    3,
                    3,
                    3,
                    3,
                    4,
                    5,
                    5,
                    4,
                    4,
                    4,
                    4,
                    4,
                    4,
                    4,
                    4,
                    5,
                    5,
                    5,
                    4,
                    4,
                    4,
                    4,
                    4,
                    4,
                    4,
                    3,
                    3,
                    2,
                    1,
                    1
                ],
                "radii": [
                    0.0,
                    5.0,
                    10.0,
                    15.0,
                    20.0,
                    25.0,
                    30.0,
                    35.0,
                    40.0,
                    45.0,
                    50.0,
                    55.0,
                    60.0,
                    65.0,
                    70.0,
                    75.0,
                    80.0,
                    85.0,
                    90.0,
                    95.0,
                    100.0,
                    105.0,
                    110.0,
                    115.0,
                    120.0,
                    125.0,
                    130.0,
                    135.0,
                    140.0,
                    145.0,
                    150.0,
                    155.0,
                    160.0,
                    165.0,
                    170.0,
                    175.0,
                    180.0,
                    185.0,
                    190.0,
                    195.0,
                    200.0,
                    205.0,
                    210.0,
                    215.0,
                    220.0,
                    225.0,
                    230.0,
                    235.0,
                    240.0,
                    245.0,
                    250.0,
                    255.0,
                    260.0,
                    265.0,
                    270.0,
                    275.0,
                    280.0,
                    285.0,
                    290.0,
                    295.0,
                    300.0,
                    305.0,
                    310.0,
                    315.0,
                    320.0,
                    325.0,
                    330.0,
                    335.0,
                    340.0,
                    345.0,
                    350.0,
                    355.0,
                    360.0,
                    365.0,
                    370.0,
                    375.0,
                    380.0,
                    385.0,
                    390.0,
                    395.0,
                    400.0,
                    405.0,
                    410.0
                ]
            },
            "volume": 6985.708565515238,
            "xdim": 500.173,
            "ydim": 509.42099999999994,
            "zdim": 126.8414
        },
        "soma": {
            "area": 611.8614939202535,
            "diam": 13.9557,
            "volume": 1423.1592417838135,
            "xroot": 0.0,
            "yroot": 0.0,
            "zroot": 0.0
        }
    }
}