{
    "Dendritic Distance": [
        10.134960074228138,
        36.636242013693504,
        253.27861618333498,
        48.51658935951336,
        90.80524521377454,
        238.93022239603926,
        75.70716815556156,
        74.5242788348889,
        78.78570556641019,
        79.52944830696292
    ],
    "Lag": [
        0.004166666666665246,
        0.01770833333332522,
        0.8124999999995524,
        0.03749999999998188,
        0.06979166666662895,
        0.45416666666641586,
        0.09374999999994937,
        0.10312499999994292,
        0.14270833333325594,
        0.14479166666658738
    ]
}