{
    "300522_4": {
        "axon": {
            "area": 153.86603537579225,
            "breadth": 1,
            "contrac": 0.9864257863498216,
            "degree": 0,
            "diam": 1.0,
            "dist": 18.257035363157954,
            "length": 18.50827058233792,
            "nbranch": 0,
            "nstem": 1,
            "nterm": 1,
            "order": 1,
            "seclen": 18.50827058233792,
            "sholl": {
                "crossings": [
                    1,
                    1,
                    1,
                    1
                ],
                "radii": [
                    0.0,
                    5.0,
                    10.0,
                    15.0
                ]
            },
            "volume": 128.1521024300862,
            "xdim": 10.63266,
            "ydim": 8.14723,
            "zdim": 5.71005
        },
        "dend": {
            "area": 5387.272064476873,
            "breadth": 4,
            "contrac": 0.9200573101959998,
            "degree": 2,
            "diam": 1.6286836757362149,
            "dist": 350.17150538123457,
            "length": 1179.373152660844,
            "nbranch": 5,
            "nstem": 2,
            "nterm": 7,
            "order": 3,
            "seclen": 98.28109605507034,
            "sholl": {
                "crossings": [
                    2,
                    2,
                    2,
                    2,
                    2,
                    3,
                    3,
                    3,
                    3,
                    3,
                    4,
                    4,
                    4,
                    4,
                    5,
                    5,
                    6,
                    6,
                    6,
                    6,
                    3,
                    3,
                    3,
                    3,
                    3,
                    2,
                    2,
                    2,
                    2,
                    2,
                    2,
                    2,
                    3,
                    3,
                    3,
                    3,
                    3,
                    2,
                    2,
                    2,
                    2,
                    2,
                    2,
                    2,
                    2,
                    2,
                    2,
                    2,
                    2,
                    2,
                    2,
                    2,
                    1,
                    1,
                    1,
                    1,
                    1,
                    1,
                    1,
                    1,
                    1,
                    1,
                    1,
                    1,
                    1,
                    1,
                    1,
                    1,
                    1,
                    1,
                    1
                ],
                "radii": [
                    0.0,
                    5.0,
                    10.0,
                    15.0,
                    20.0,
                    25.0,
                    30.0,
                    35.0,
                    40.0,
                    45.0,
                    50.0,
                    55.0,
                    60.0,
                    65.0,
                    70.0,
                    75.0,
                    80.0,
                    85.0,
                    90.0,
                    95.0,
                    100.0,
                    105.0,
                    110.0,
                    115.0,
                    120.0,
                    125.0,
                    130.0,
                    135.0,
                    140.0,
                    145.0,
                    150.0,
                    155.0,
                    160.0,
                    165.0,
                    170.0,
                    175.0,
                    180.0,
                    185.0,
                    190.0,
                    195.0,
                    200.0,
                    205.0,
                    210.0,
                    215.0,
                    220.0,
                    225.0,
                    230.0,
                    235.0,
                    240.0,
                    245.0,
                    250.0,
                    255.0,
                    260.0,
                    265.0,
                    270.0,
                    275.0,
                    280.0,
                    285.0,
                    290.0,
                    295.0,
                    300.0,
                    305.0,
                    310.0,
                    315.0,
                    320.0,
                    325.0,
                    330.0,
                    335.0,
                    340.0,
                    345.0,
                    350.0
                ]
            },
            "volume": 2442.325506634891,
            "xdim": 362.1622,
            "ydim": 253.05339999999998,
            "zdim": 102.9269
        },
        "soma": {
            "area": 340.07047379577216,
            "diam": 10.40422,
            "volume": 589.6946708125748,
            "xroot": 0.0,
            "yroot": 0.0,
            "zroot": 0.0
        }
    }
}