{
    "190522_2": {
        "axon": {
            "area": 311.35182855070894,
            "breadth": 1,
            "contrac": 0.9818647302086843,
            "degree": 0,
            "diam": 1.0,
            "dist": 22.655128143581532,
            "length": 23.073573626345087,
            "nbranch": 0,
            "nstem": 1,
            "nterm": 1,
            "order": 1,
            "seclen": 23.073573626345087,
            "sholl": {
                "crossings": [
                    1,
                    1,
                    1,
                    1,
                    1
                ],
                "radii": [
                    0.0,
                    5.0,
                    10.0,
                    15.0,
                    20.0
                ]
            },
            "volume": 528.8262078635278,
            "xdim": 0.5778999999999996,
            "ydim": 11.994299999999999,
            "zdim": 6.07497
        },
        "dend": {
            "area": 10741.96080405432,
            "breadth": 4,
            "contrac": 0.9028210802771921,
            "degree": 2,
            "diam": 2.3994853556397726,
            "dist": 368.69586920116154,
            "length": 1922.7125780045603,
            "nbranch": 7,
            "nstem": 4,
            "nterm": 11,
            "order": 4,
            "seclen": 106.8173654446978,
            "sholl": {
                "crossings": [
                    4,
                    4,
                    5,
                    5,
                    6,
                    6,
                    7,
                    7,
                    6,
                    7,
                    6,
                    6,
                    6,
                    6,
                    6,
                    6,
                    6,
                    6,
                    6,
                    6,
                    6,
                    6,
                    6,
                    7,
                    6,
                    6,
                    6,
                    5,
                    5,
                    6,
                    5,
                    5,
                    5,
                    5,
                    5,
                    5,
                    5,
                    5,
                    5,
                    6,
                    6,
                    6,
                    6,
                    6,
                    6,
                    6,
                    5,
                    5,
                    4,
                    4,
                    3,
                    3,
                    3,
                    3,
                    3,
                    2,
                    2,
                    2,
                    2,
                    2,
                    2,
                    2,
                    2,
                    2,
                    2,
                    2,
                    2,
                    2,
                    2,
                    1,
                    1,
                    1,
                    1,
                    1
                ],
                "radii": [
                    0.0,
                    5.0,
                    10.0,
                    15.0,
                    20.0,
                    25.0,
                    30.0,
                    35.0,
                    40.0,
                    45.0,
                    50.0,
                    55.0,
                    60.0,
                    65.0,
                    70.0,
                    75.0,
                    80.0,
                    85.0,
                    90.0,
                    95.0,
                    100.0,
                    105.0,
                    110.0,
                    115.0,
                    120.0,
                    125.0,
                    130.0,
                    135.0,
                    140.0,
                    145.0,
                    150.0,
                    155.0,
                    160.0,
                    165.0,
                    170.0,
                    175.0,
                    180.0,
                    185.0,
                    190.0,
                    195.0,
                    200.0,
                    205.0,
                    210.0,
                    215.0,
                    220.0,
                    225.0,
                    230.0,
                    235.0,
                    240.0,
                    245.0,
                    250.0,
                    255.0,
                    260.0,
                    265.0,
                    270.0,
                    275.0,
                    280.0,
                    285.0,
                    290.0,
                    295.0,
                    300.0,
                    305.0,
                    310.0,
                    315.0,
                    320.0,
                    325.0,
                    330.0,
                    335.0,
                    340.0,
                    345.0,
                    350.0,
                    355.0,
                    360.0,
                    365.0
                ]
            },
            "volume": 6583.45156260889,
            "xdim": 668.616,
            "ydim": 442.289,
            "zdim": 122.3624
        },
        "soma": {
            "area": 600.1696838535966,
            "diam": 13.82172,
            "volume": 1382.562887118822,
            "xroot": 0.0,
            "yroot": 0.0,
            "zroot": 0.0
        }
    }
}