{
    "Dendritic Distance": [
        59.49792915935244,
        126.37568317914975,
        201.95847600131336,
        65.12002475943,
        66.81423091609577,
        192.7958880021793,
        88.5708570150268,
        95.88513723500034,
        194.92008183940217,
        186.4740449682213
    ],
    "Lag": [
        0.03676470588232744,
        0.1955882352940033,
        0.5823529411761236,
        0.03529411764703466,
        0.08529411764700508,
        0.605882352940816,
        0.14411764705873842,
        0.12058823529404768,
        0.5632352941173108,
        0.6279411764702156
    ]
}