{
    "231121_7": {
        "axon": {
            "area": 1994.5851127706499,
            "breadth": 3,
            "contrac": 0.9406939422300169,
            "degree": 2,
            "diam": 2.071295877708978,
            "dist": 195.5701433119074,
            "length": 386.42252630937094,
            "nbranch": 2,
            "nstem": 1,
            "nterm": 3,
            "order": 3,
            "seclen": 77.28450526187419,
            "sholl": {
                "crossings": [
                    1,
                    1,
                    1,
                    1,
                    2,
                    2,
                    2,
                    2,
                    2,
                    2,
                    2,
                    2,
                    2,
                    2,
                    3,
                    2,
                    2,
                    2,
                    2,
                    2,
                    2,
                    2,
                    2,
                    2,
                    2,
                    2,
                    2,
                    2,
                    2,
                    1,
                    1,
                    1,
                    1,
                    1,
                    1,
                    1,
                    1,
                    1,
                    1,
                    1
                ],
                "radii": [
                    0.0,
                    5.0,
                    10.0,
                    15.0,
                    20.0,
                    25.0,
                    30.0,
                    35.0,
                    40.0,
                    45.0,
                    50.0,
                    55.0,
                    60.0,
                    65.0,
                    70.0,
                    75.0,
                    80.0,
                    85.0,
                    90.0,
                    95.0,
                    100.0,
                    105.0,
                    110.0,
                    115.0,
                    120.0,
                    125.0,
                    130.0,
                    135.0,
                    140.0,
                    145.0,
                    150.0,
                    155.0,
                    160.0,
                    165.0,
                    170.0,
                    175.0,
                    180.0,
                    185.0,
                    190.0,
                    195.0
                ]
            },
            "volume": 1261.8343153194778,
            "xdim": 156.02664,
            "ydim": 123.46702,
            "zdim": 72.3115
        },
        "dend": {
            "area": 4954.850606968032,
            "breadth": 4,
            "contrac": 0.9069406816234055,
            "degree": 2,
            "diam": 1.4681448347903265,
            "dist": 236.71794466429876,
            "length": 973.87359601742,
            "nbranch": 4,
            "nstem": 3,
            "nterm": 7,
            "order": 3,
            "seclen": 88.5339632743109,
            "sholl": {
                "crossings": [
                    3,
                    3,
                    3,
                    3,
                    3,
                    3,
                    3,
                    3,
                    3,
                    3,
                    3,
                    3,
                    3,
                    3,
                    4,
                    4,
                    5,
                    5,
                    5,
                    5,
                    5,
                    5,
                    4,
                    4,
                    4,
                    4,
                    4,
                    3,
                    3,
                    3,
                    3,
                    3,
                    3,
                    3,
                    3,
                    3,
                    3,
                    4,
                    5,
                    4,
                    4,
                    4,
                    3,
                    3,
                    3,
                    2,
                    1,
                    1
                ],
                "radii": [
                    0.0,
                    5.0,
                    10.0,
                    15.0,
                    20.0,
                    25.0,
                    30.0,
                    35.0,
                    40.0,
                    45.0,
                    50.0,
                    55.0,
                    60.0,
                    65.0,
                    70.0,
                    75.0,
                    80.0,
                    85.0,
                    90.0,
                    95.0,
                    100.0,
                    105.0,
                    110.0,
                    115.0,
                    120.0,
                    125.0,
                    130.0,
                    135.0,
                    140.0,
                    145.0,
                    150.0,
                    155.0,
                    160.0,
                    165.0,
                    170.0,
                    175.0,
                    180.0,
                    185.0,
                    190.0,
                    195.0,
                    200.0,
                    205.0,
                    210.0,
                    215.0,
                    220.0,
                    225.0,
                    230.0,
                    235.0
                ]
            },
            "volume": 3199.7802571244574,
            "xdim": 216.6372,
            "ydim": 242.2665,
            "zdim": 149.19889999999998
        },
        "soma": {
            "area": 514.8729675074281,
            "diam": 12.80192,
            "volume": 1098.5604233654492,
            "xroot": 0.0,
            "yroot": 0.0,
            "zroot": 0.0
        }
    }
}