{
    "Dendritic Distance": [
        3.365298362524221,
        44.05620302725081,
        39.547062434993485,
        368.4143267304861,
        345.4849371729307,
        7.789257691075871,
        38.66661168596622,
        50.21623386238395,
        140.29691292904116,
        122.60115379499864
    ],
    "Lag": [
        0.0,
        0.023333333333319217,
        0.023333333333319217,
        1.0699999999994134,
        1.0233333333327712,
        0.0016666666666651508,
        0.018333333333323765,
        0.028333333333316564,
        0.14333333333325507,
        0.16833333333324135
    ]
}