{
    "300522_5": {
        "axon": {
            "area": 723.3391455130666,
            "breadth": 3,
            "contrac": 0.9343141347255566,
            "degree": 2,
            "diam": 1.533834345103206,
            "dist": 81.21116811239264,
            "length": 149.7402778087529,
            "nbranch": 2,
            "nstem": 1,
            "nterm": 3,
            "order": 3,
            "seclen": 29.94805556175058,
            "sholl": {
                "crossings": [
                    1,
                    1,
                    2,
                    2,
                    2,
                    2,
                    2,
                    2,
                    2,
                    1,
                    1,
                    1,
                    1,
                    1,
                    1,
                    1,
                    1
                ],
                "radii": [
                    0.0,
                    5.0,
                    10.0,
                    15.0,
                    20.0,
                    25.0,
                    30.0,
                    35.0,
                    40.0,
                    45.0,
                    50.0,
                    55.0,
                    60.0,
                    65.0,
                    70.0,
                    75.0,
                    80.0
                ]
            },
            "volume": 506.0304939442278,
            "xdim": 12.350343,
            "ydim": 47.49652,
            "zdim": 80.21674999999999
        },
        "dend": {
            "area": 6288.379778291766,
            "breadth": 5,
            "contrac": 0.9093328144362978,
            "degree": 2,
            "diam": 2.1375005483098404,
            "dist": 410.0344706883069,
            "length": 1198.0440919243106,
            "nbranch": 7,
            "nstem": 2,
            "nterm": 9,
            "order": 5,
            "seclen": 74.87775574526941,
            "sholl": {
                "crossings": [
                    2,
                    2,
                    2,
                    2,
                    3,
                    3,
                    3,
                    4,
                    5,
                    6,
                    6,
                    6,
                    5,
                    5,
                    5,
                    4,
                    4,
                    2,
                    2,
                    2,
                    2,
                    2,
                    2,
                    2,
                    3,
                    3,
                    3,
                    3,
                    3,
                    3,
                    2,
                    2,
                    2,
                    2,
                    2,
                    1,
                    1,
                    1,
                    1,
                    1,
                    1,
                    1,
                    1,
                    1,
                    1,
                    1,
                    1,
                    1,
                    1,
                    1,
                    1,
                    1,
                    1,
                    1,
                    1,
                    1,
                    1,
                    1,
                    1,
                    1,
                    1,
                    1,
                    1,
                    1,
                    1,
                    1,
                    1,
                    1,
                    1,
                    1,
                    1,
                    1,
                    1,
                    2,
                    2,
                    1,
                    1,
                    1,
                    1,
                    1,
                    1,
                    1,
                    1
                ],
                "radii": [
                    0.0,
                    5.0,
                    10.0,
                    15.0,
                    20.0,
                    25.0,
                    30.0,
                    35.0,
                    40.0,
                    45.0,
                    50.0,
                    55.0,
                    60.0,
                    65.0,
                    70.0,
                    75.0,
                    80.0,
                    85.0,
                    90.0,
                    95.0,
                    100.0,
                    105.0,
                    110.0,
                    115.0,
                    120.0,
                    125.0,
                    130.0,
                    135.0,
                    140.0,
                    145.0,
                    150.0,
                    155.0,
                    160.0,
                    165.0,
                    170.0,
                    175.0,
                    180.0,
                    185.0,
                    190.0,
                    195.0,
                    200.0,
                    205.0,
                    210.0,
                    215.0,
                    220.0,
                    225.0,
                    230.0,
                    235.0,
                    240.0,
                    245.0,
                    250.0,
                    255.0,
                    260.0,
                    265.0,
                    270.0,
                    275.0,
                    280.0,
                    285.0,
                    290.0,
                    295.0,
                    300.0,
                    305.0,
                    310.0,
                    315.0,
                    320.0,
                    325.0,
                    330.0,
                    335.0,
                    340.0,
                    345.0,
                    350.0,
                    355.0,
                    360.0,
                    365.0,
                    370.0,
                    375.0,
                    380.0,
                    385.0,
                    390.0,
                    395.0,
                    400.0,
                    405.0,
                    410.0
                ]
            },
            "volume": 4041.9816168846446,
            "xdim": 468.764,
            "ydim": 296.37940000000003,
            "zdim": 125.8344
        },
        "soma": {
            "area": 456.8912047853507,
            "diam": 12.05956,
            "volume": 918.3178162635371,
            "xroot": 0.0,
            "yroot": 0.0,
            "zroot": 0.0
        }
    }
}