{
    "200524_10": {
        "axon": {
            "area": 289.9874929106936,
            "breadth": 1,
            "contrac": 1.0,
            "degree": 0,
            "diam": 1.8,
            "dist": 9.001725887895054,
            "length": 9.001725887895054,
            "nbranch": 0,
            "nstem": 1,
            "nterm": 1,
            "order": 1,
            "seclen": 9.001725887895054,
            "sholl": {
                "crossings": [
                    1,
                    1
                ],
                "radii": [
                    0.0,
                    5.0
                ]
            },
            "volume": 588.0010032996554,
            "xdim": 0.0,
            "ydim": 0.0,
            "zdim": 0.0
        },
        "dend": {
            "area": 10510.287833395298,
            "breadth": 4,
            "contrac": 0.9042312497504172,
            "degree": 2,
            "diam": 2.474427528870897,
            "dist": 471.19123745440135,
            "length": 2012.3657751749329,
            "nbranch": 5,
            "nstem": 4,
            "nterm": 9,
            "order": 4,
            "seclen": 143.7404125124952,
            "sholl": {
                "crossings": [
                    4,
                    4,
                    5,
                    7,
                    7,
                    7,
                    7,
                    6,
                    6,
                    5,
                    5,
                    5,
                    5,
                    5,
                    5,
                    5,
                    5,
                    5,
                    5,
                    5,
                    5,
                    5,
                    5,
                    5,
                    5,
                    5,
                    5,
                    5,
                    5,
                    5,
                    5,
                    5,
                    5,
                    5,
                    5,
                    5,
                    5,
                    5,
                    4,
                    4,
                    3,
                    3,
                    3,
                    3,
                    3,
                    3,
                    3,
                    3,
                    3,
                    3,
                    3,
                    3,
                    3,
                    3,
                    3,
                    3,
                    3,
                    3,
                    3,
                    3,
                    3,
                    3,
                    3,
                    3,
                    3,
                    3,
                    3,
                    3,
                    3,
                    3,
                    3,
                    3,
                    3,
                    3,
                    2,
                    2,
                    2,
                    2,
                    2,
                    2,
                    1,
                    1,
                    1,
                    1,
                    1,
                    1,
                    1,
                    1,
                    1,
                    1,
                    1,
                    1,
                    1,
                    1,
                    1
                ],
                "radii": [
                    0.0,
                    5.0,
                    10.0,
                    15.0,
                    20.0,
                    25.0,
                    30.0,
                    35.0,
                    40.0,
                    45.0,
                    50.0,
                    55.0,
                    60.0,
                    65.0,
                    70.0,
                    75.0,
                    80.0,
                    85.0,
                    90.0,
                    95.0,
                    100.0,
                    105.0,
                    110.0,
                    115.0,
                    120.0,
                    125.0,
                    130.0,
                    135.0,
                    140.0,
                    145.0,
                    150.0,
                    155.0,
                    160.0,
                    165.0,
                    170.0,
                    175.0,
                    180.0,
                    185.0,
                    190.0,
                    195.0,
                    200.0,
                    205.0,
                    210.0,
                    215.0,
                    220.0,
                    225.0,
                    230.0,
                    235.0,
                    240.0,
                    245.0,
                    250.0,
                    255.0,
                    260.0,
                    265.0,
                    270.0,
                    275.0,
                    280.0,
                    285.0,
                    290.0,
                    295.0,
                    300.0,
                    305.0,
                    310.0,
                    315.0,
                    320.0,
                    325.0,
                    330.0,
                    335.0,
                    340.0,
                    345.0,
                    350.0,
                    355.0,
                    360.0,
                    365.0,
                    370.0,
                    375.0,
                    380.0,
                    385.0,
                    390.0,
                    395.0,
                    400.0,
                    405.0,
                    410.0,
                    415.0,
                    420.0,
                    425.0,
                    430.0,
                    435.0,
                    440.0,
                    445.0,
                    450.0,
                    455.0,
                    460.0,
                    465.0,
                    470.0
                ]
            },
            "volume": 6613.874270057232,
            "xdim": 594.645,
            "ydim": 645.027,
            "zdim": 207.0435
        },
        "soma": {
            "area": 689.8744877914584,
            "diam": 14.8187,
            "volume": 1703.8405120392138,
            "xroot": 0.0,
            "yroot": 0.0,
            "zroot": 0.0
        }
    }
}