{
    "Dendritic Distance": [
        7.922346585483186,
        7.922346585483186,
        26.62254018061696,
        31.64100763672814,
        233.5059336197289,
        312.2838834850283,
        19.59583148469929,
        49.80583087703506,
        66.55752957456113,
        98.94057209973882
    ],
    "Lag": [
        0.0,
        0.0033333333333321964,
        0.12166666666659912,
        0.044999999999973284,
        1.4533333333325538,
        2.449999999998693,
        0.023333333333319217,
        0.09666666666661286,
        0.12499999999993132,
        0.318333333333157
    ]
}