{
    "231121_6": {
        "axon": {
            "area": 755.8783064977902,
            "breadth": 2,
            "contrac": 0.9031468046336889,
            "degree": 2,
            "diam": 1.2884450175438598,
            "dist": 120.86052905742221,
            "length": 153.18870915417722,
            "nbranch": 1,
            "nstem": 1,
            "nterm": 2,
            "order": 2,
            "seclen": 51.062903051392404,
            "sholl": {
                "crossings": [
                    1,
                    1,
                    1,
                    1,
                    1,
                    1,
                    1,
                    1,
                    1,
                    1,
                    1,
                    1,
                    2,
                    2,
                    2,
                    1,
                    1,
                    1,
                    1,
                    1,
                    1,
                    1,
                    1,
                    1,
                    1
                ],
                "radii": [
                    0.0,
                    5.0,
                    10.0,
                    15.0,
                    20.0,
                    25.0,
                    30.0,
                    35.0,
                    40.0,
                    45.0,
                    50.0,
                    55.0,
                    60.0,
                    65.0,
                    70.0,
                    75.0,
                    80.0,
                    85.0,
                    90.0,
                    95.0,
                    100.0,
                    105.0,
                    110.0,
                    115.0,
                    120.0
                ]
            },
            "volume": 806.4246424858959,
            "xdim": 82.97201000000001,
            "ydim": 81.47449999999999,
            "zdim": 39.84151
        },
        "dend": {
            "area": 9428.393659108257,
            "breadth": 11,
            "contrac": 0.89007645453442,
            "degree": 2,
            "diam": 1.5358802517486951,
            "dist": 383.0580673226972,
            "length": 2231.8112521996477,
            "nbranch": 18,
            "nstem": 3,
            "nterm": 21,
            "order": 7,
            "seclen": 57.22592954358071,
            "sholl": {
                "crossings": [
                    3,
                    3,
                    4,
                    6,
                    6,
                    6,
                    7,
                    5,
                    7,
                    8,
                    9,
                    8,
                    8,
                    7,
                    7,
                    7,
                    7,
                    7,
                    7,
                    7,
                    6,
                    6,
                    6,
                    7,
                    5,
                    5,
                    5,
                    5,
                    6,
                    5,
                    5,
                    6,
                    7,
                    5,
                    5,
                    5,
                    6,
                    6,
                    5,
                    5,
                    4,
                    3,
                    3,
                    3,
                    3,
                    3,
                    3,
                    3,
                    3,
                    3,
                    3,
                    3,
                    3,
                    3,
                    3,
                    3,
                    3,
                    3,
                    3,
                    3,
                    4,
                    4,
                    4,
                    4,
                    2,
                    2,
                    1,
                    1,
                    1,
                    1,
                    2,
                    1,
                    1,
                    1,
                    1,
                    1,
                    1
                ],
                "radii": [
                    0.0,
                    5.0,
                    10.0,
                    15.0,
                    20.0,
                    25.0,
                    30.0,
                    35.0,
                    40.0,
                    45.0,
                    50.0,
                    55.0,
                    60.0,
                    65.0,
                    70.0,
                    75.0,
                    80.0,
                    85.0,
                    90.0,
                    95.0,
                    100.0,
                    105.0,
                    110.0,
                    115.0,
                    120.0,
                    125.0,
                    130.0,
                    135.0,
                    140.0,
                    145.0,
                    150.0,
                    155.0,
                    160.0,
                    165.0,
                    170.0,
                    175.0,
                    180.0,
                    185.0,
                    190.0,
                    195.0,
                    200.0,
                    205.0,
                    210.0,
                    215.0,
                    220.0,
                    225.0,
                    230.0,
                    235.0,
                    240.0,
                    245.0,
                    250.0,
                    255.0,
                    260.0,
                    265.0,
                    270.0,
                    275.0,
                    280.0,
                    285.0,
                    290.0,
                    295.0,
                    300.0,
                    305.0,
                    310.0,
                    315.0,
                    320.0,
                    325.0,
                    330.0,
                    335.0,
                    340.0,
                    345.0,
                    350.0,
                    355.0,
                    360.0,
                    365.0,
                    370.0,
                    375.0,
                    380.0
                ]
            },
            "volume": 4748.134173223087,
            "xdim": 466.494,
            "ydim": 528.4970000000001,
            "zdim": 151.0555
        },
        "soma": {
            "area": 542.0728271655755,
            "diam": 13.13572,
            "volume": 1186.7528128758986,
            "xroot": 0.0,
            "yroot": 0.0,
            "zroot": 0.0
        }
    }
}