{
    "120722_11": {
        "axon": {
            "area": 236.50727027809626,
            "breadth": 1,
            "contrac": 0.9992563528432199,
            "degree": 0,
            "diam": 0.6,
            "dist": 15.65924817553512,
            "length": 15.670901797100715,
            "nbranch": 0,
            "nstem": 1,
            "nterm": 1,
            "order": 1,
            "seclen": 15.670901797100715,
            "sholl": {
                "crossings": [
                    1,
                    1,
                    1,
                    1
                ],
                "radii": [
                    0.0,
                    5.0,
                    10.0,
                    15.0
                ]
            },
            "volume": 379.84091785560935,
            "xdim": 4.949060000000001,
            "ydim": 1.286712,
            "zdim": 6.51041
        },
        "dend": {
            "area": 9189.353549835425,
            "breadth": 5,
            "contrac": 0.9091395024679529,
            "degree": 2,
            "diam": 2.0904950960590982,
            "dist": 566.9594540248977,
            "length": 1540.603240026392,
            "nbranch": 6,
            "nstem": 4,
            "nterm": 10,
            "order": 4,
            "seclen": 96.2877025016495,
            "sholl": {
                "crossings": [
                    4,
                    4,
                    4,
                    5,
                    5,
                    5,
                    7,
                    7,
                    7,
                    6,
                    5,
                    5,
                    6,
                    5,
                    4,
                    3,
                    2,
                    2,
                    2,
                    2,
                    2,
                    2,
                    2,
                    2,
                    2,
                    2,
                    2,
                    2,
                    2,
                    2,
                    2,
                    2,
                    2,
                    2,
                    2,
                    2,
                    2,
                    2,
                    2,
                    2,
                    2,
                    2,
                    2,
                    2,
                    2,
                    2,
                    2,
                    2,
                    1,
                    1,
                    1,
                    1,
                    1,
                    1,
                    1,
                    1,
                    1,
                    1,
                    1,
                    1,
                    1,
                    1,
                    1,
                    1,
                    1,
                    1,
                    1,
                    1,
                    1,
                    1,
                    1,
                    1,
                    1,
                    2,
                    2,
                    2,
                    2,
                    2,
                    2,
                    2,
                    2,
                    2,
                    2,
                    2,
                    2,
                    2,
                    2,
                    2,
                    2,
                    2,
                    2,
                    2,
                    2,
                    2,
                    2,
                    2,
                    2,
                    2,
                    2,
                    2,
                    1,
                    1,
                    1,
                    1,
                    1,
                    1,
                    1,
                    2,
                    1,
                    1,
                    1,
                    1,
                    1,
                    1
                ],
                "radii": [
                    0.0,
                    5.0,
                    10.0,
                    15.0,
                    20.0,
                    25.0,
                    30.0,
                    35.0,
                    40.0,
                    45.0,
                    50.0,
                    55.0,
                    60.0,
                    65.0,
                    70.0,
                    75.0,
                    80.0,
                    85.0,
                    90.0,
                    95.0,
                    100.0,
                    105.0,
                    110.0,
                    115.0,
                    120.0,
                    125.0,
                    130.0,
                    135.0,
                    140.0,
                    145.0,
                    150.0,
                    155.0,
                    160.0,
                    165.0,
                    170.0,
                    175.0,
                    180.0,
                    185.0,
                    190.0,
                    195.0,
                    200.0,
                    205.0,
                    210.0,
                    215.0,
                    220.0,
                    225.0,
                    230.0,
                    235.0,
                    240.0,
                    245.0,
                    250.0,
                    255.0,
                    260.0,
                    265.0,
                    270.0,
                    275.0,
                    280.0,
                    285.0,
                    290.0,
                    295.0,
                    300.0,
                    305.0,
                    310.0,
                    315.0,
                    320.0,
                    325.0,
                    330.0,
                    335.0,
                    340.0,
                    345.0,
                    350.0,
                    355.0,
                    360.0,
                    365.0,
                    370.0,
                    375.0,
                    380.0,
                    385.0,
                    390.0,
                    395.0,
                    400.0,
                    405.0,
                    410.0,
                    415.0,
                    420.0,
                    425.0,
                    430.0,
                    435.0,
                    440.0,
                    445.0,
                    450.0,
                    455.0,
                    460.0,
                    465.0,
                    470.0,
                    475.0,
                    480.0,
                    485.0,
                    490.0,
                    495.0,
                    500.0,
                    505.0,
                    510.0,
                    515.0,
                    520.0,
                    525.0,
                    530.0,
                    535.0,
                    540.0,
                    545.0,
                    550.0,
                    555.0,
                    560.0,
                    565.0
                ]
            },
            "volume": 5397.744112452911,
            "xdim": 461.878,
            "ydim": 680.996,
            "zdim": 144.3281
        },
        "soma": {
            "area": 586.4271072178391,
            "diam": 13.66256,
            "volume": 1335.3492563316931,
            "xroot": 0.0,
            "yroot": 0.0,
            "zroot": 0.0
        }
    }
}