{
    "Dendritic Distance": [
        11.972826695648388,
        17.217245362313225,
        518.8992247021383,
        579.8791081951365,
        605.4821270789757,
        668.6175987611304,
        606.7356390506673,
        12.254634441243947,
        21.37668355345958,
        560.8572354606638
    ],
    "Lag": [
        0.002083333333333511,
        0.004166666666664949,
        NaN,
        NaN,
        NaN,
        NaN,
        NaN,
        0.0,
        0.0,
        NaN
    ]
}