{
    "230123_21": {
        "axon": {
            "area": 333.32021382870926,
            "breadth": 1,
            "contrac": 0.9959988953325963,
            "degree": 0,
            "diam": 1.77219,
            "dist": 15.376163875859934,
            "length": 15.437932660282051,
            "nbranch": 0,
            "nstem": 1,
            "nterm": 1,
            "order": 1,
            "seclen": 15.437932660282051,
            "sholl": {
                "crossings": [
                    1,
                    1,
                    1,
                    1
                ],
                "radii": [
                    0.0,
                    5.0,
                    10.0,
                    15.0
                ]
            },
            "volume": 646.929924994066,
            "xdim": 2.2231400000000003,
            "ydim": 4.836599999999999,
            "zdim": 0.5451600000000001
        },
        "dend": {
            "area": 17651.42183452029,
            "breadth": 6,
            "contrac": 0.8919195587378637,
            "degree": 2,
            "diam": 2.6703086121915454,
            "dist": 713.9043307444563,
            "length": 2892.7383246836225,
            "nbranch": 10,
            "nstem": 4,
            "nterm": 14,
            "order": 6,
            "seclen": 120.53076352848427,
            "sholl": {
                "crossings": [
                    4,
                    4,
                    5,
                    6,
                    7,
                    7,
                    5,
                    3,
                    3,
                    3,
                    3,
                    3,
                    3,
                    3,
                    4,
                    4,
                    4,
                    4,
                    5,
                    5,
                    5,
                    5,
                    5,
                    5,
                    5,
                    5,
                    5,
                    5,
                    5,
                    5,
                    5,
                    5,
                    5,
                    5,
                    5,
                    5,
                    4,
                    4,
                    4,
                    4,
                    4,
                    3,
                    3,
                    3,
                    3,
                    3,
                    3,
                    3,
                    3,
                    3,
                    3,
                    3,
                    3,
                    3,
                    3,
                    3,
                    3,
                    3,
                    3,
                    3,
                    3,
                    3,
                    3,
                    3,
                    3,
                    3,
                    3,
                    3,
                    3,
                    3,
                    3,
                    3,
                    3,
                    3,
                    3,
                    3,
                    3,
                    3,
                    3,
                    3,
                    3,
                    3,
                    3,
                    3,
                    3,
                    3,
                    3,
                    3,
                    3,
                    3,
                    3,
                    3,
                    3,
                    3,
                    3,
                    3,
                    3,
                    3,
                    3,
                    3,
                    3,
                    3,
                    3,
                    3,
                    3,
                    3,
                    3,
                    3,
                    4,
                    4,
                    4,
                    5,
                    3,
                    3,
                    3,
                    2,
                    2,
                    2,
                    2,
                    2,
                    1,
                    1,
                    2,
                    2,
                    2,
                    2,
                    2,
                    2,
                    2,
                    2,
                    2,
                    2,
                    2,
                    2,
                    1,
                    1,
                    1,
                    1,
                    1,
                    1,
                    1,
                    1,
                    1
                ],