{
    "190422_3": {
        "axon": {
            "area": 223.25657441007323,
            "breadth": 1,
            "contrac": 0.9999591064336276,
            "degree": 0,
            "diam": 1.49984,
            "dist": 12.296727733815041,
            "length": 12.297230611431246,
            "nbranch": 0,
            "nstem": 1,
            "nterm": 1,
            "order": 1,
            "seclen": 12.297230611431246,
            "sholl": {
                "crossings": [
                    1,
                    1,
                    1
                ],
                "radii": [
                    0.0,
                    5.0,
                    10.0
                ]
            },
            "volume": 356.0719864833522,
            "xdim": 1.3157,
            "ydim": 0.25620400000000004,
            "zdim": 3.2215799999999994
        },
        "dend": {
            "area": 10497.312412980247,
            "breadth": 11,
            "contrac": 0.8934821915657145,
            "degree": 3,
            "diam": 1.7292291008263907,
            "dist": 396.56811257367883,
            "length": 2203.0768318851906,
            "nbranch": 14,
            "nstem": 3,
            "nterm": 18,
            "order": 8,
            "seclen": 68.8461509964122,
            "sholl": {
                "crossings": [
                    3,
                    3,
                    4,
                    5,
                    5,
                    5,
                    5,
                    6,
                    7,
                    7,
                    7,
                    6,
                    6,
                    7,
                    7,
                    7,
                    8,
                    7,
                    6,
                    5,
                    6,
                    5,
                    5,
                    5,
                    5,
                    6,
                    6,
                    6,
                    6,
                    5,
                    5,
                    5,
                    5,
                    6,
                    7,
                    7,
                    7,
                    6,
                    6,
                    6,
                    5,
                    4,
                    4,
                    4,
                    4,
                    4,
                    3,
                    3,
                    3,
                    3,
                    2,
                    1,
                    1,
                    1,
                    1,
                    1,
                    1,
                    1,
                    1,
                    1,
                    1,
                    1,
                    1,
                    1,
                    1,
                    1,
                    1,
                    1,
                    1,
                    1,
                    1,
                    1,
                    1,
                    1,
                    3,
                    2,
                    2,
                    2,
                    2,
                    1
                ],
                "radii": [
                    0.0,
                    5.0,
                    10.0,
                    15.0,
                    20.0,
                    25.0,
                    30.0,
                    35.0,
                    40.0,
                    45.0,
                    50.0,
                    55.0,
                    60.0,
                    65.0,
                    70.0,
                    75.0,
                    80.0,
                    85.0,
                    90.0,
                    95.0,
                    100.0,
                    105.0,
                    110.0,
                    115.0,
                    120.0,
                    125.0,
                    130.0,
                    135.0,
                    140.0,
                    145.0,
                    150.0,
                    155.0,
                    160.0,
                    165.0,
                    170.0,
                    175.0,
                    180.0,
                    185.0,
                    190.0,
                    195.0,
                    200.0,
                    205.0,
                    210.0,
                    215.0,
                    220.0,
                    225.0,
                    230.0,
                    235.0,
                    240.0,
                    245.0,
                    250.0,
                    255.0,
                    260.0,
                    265.0,
                    270.0,
                    275.0,
                    280.0,
                    285.0,
                    290.0,
                    295.0,
                    300.0,
                    305.0,
                    310.0,
                    315.0,
                    320.0,
                    325.0,
                    330.0,
                    335.0,
                    340.0,
                    345.0,
                    350.0,
                    355.0,
                    360.0,
                    365.0,
                    370.0,
                    375.0,
                    380.0,
                    385.0,
                    390.0,
                    395.0
                ]
            },
            "volume": 4883.750912895312,
            "xdim": 527.89,
            "ydim": 316.8735,
            "zdim": 354.4905
        },
        "soma": {
            "area": 415.4640674567098,
            "diam": 11.49984,
            "volume": 796.2950502502282,
            "xroot": 0.0,
            "yroot": 0.0,
            "zroot": 0.0
        }
    }
}