{
    "Dendritic Distance": [
        208.5402878247874,
        206.4607289637267,
        366.02709198613513,
        228.3114488720678,
        188.25335915196408,
        110.40625178086617,
        193.16666552754026,
        139.32913947905465,
        269.9862563164671,
        208.76055176279957
    ],
    "Lag": [
        0.2749999999998523,
        0.4206896551721892,
        1.506896551723336,
        0.5017241379307661,
        0.4206896551721892,
        0.7379310344823636,
        0.26724137931020225,
        0.1810344827585239,
        0.734482758620297,
        0.41551724137908874
    ]
}