{
    "180123_4": {
        "axon": {
            "area": 1847.716594290577,
            "breadth": 2,
            "contrac": 0.8177895322087205,
            "degree": 2,
            "diam": 1.8466769230769229,
            "dist": 234.75223150353648,
            "length": 411.66655640380884,
            "nbranch": 1,
            "nstem": 1,
            "nterm": 2,
            "order": 2,
            "seclen": 137.22218546793627,
            "sholl": {
                "crossings": [
                    1,
                    1,
                    1,
                    1,
                    1,
                    1,
                    2,
                    2,
                    2,
                    2,
                    2,
                    2,
                    2,
                    2,
                    2,
                    2,
                    2,
                    2,
                    2,
                    1,
                    1,
                    1,
                    1,
                    1,
                    1,
                    1,
                    1,
                    1,
                    1,
                    1,
                    1,
                    1,
                    1,
                    1,
                    1,
                    1,
                    1,
                    1,
                    1,
                    1,
                    1,
                    1,
                    1,
                    1,
                    1,
                    1,
                    1
                ],
                "radii": [
                    0.0,
                    5.0,
                    10.0,
                    15.0,
                    20.0,
                    25.0,
                    30.0,
                    35.0,
                    40.0,
                    45.0,
                    50.0,
                    55.0,
                    60.0,
                    65.0,
                    70.0,
                    75.0,
                    80.0,
                    85.0,
                    90.0,
                    95.0,
                    100.0,
                    105.0,
                    110.0,
                    115.0,
                    120.0,
                    125.0,
                    130.0,
                    135.0,
                    140.0,
                    145.0,
                    150.0,
                    155.0,
                    160.0,
                    165.0,
                    170.0,
                    175.0,
                    180.0,
                    185.0,
                    190.0,
                    195.0,
                    200.0,
                    205.0,
                    210.0,
                    215.0,
                    220.0,
                    225.0,
                    230.0
                ]
            },
            "volume": 1161.897026674434,
            "xdim": 283.2442,
            "ydim": 127.41968,
            "zdim": 58.208
        },
        "dend": {
            "area": 10640.539449354459,
            "breadth": 12,
            "contrac": 0.9303025524200673,
            "degree": 2,
            "diam": 1.6315794532814238,
            "dist": 376.3381110435269,
            "length": 1926.598732674352,
            "nbranch": 15,
            "nstem": 4,
            "nterm": 19,
            "order": 8,
            "seclen": 56.66466860806918,
            "sholl": {
                "crossings": [
                    4,
                    4,
                    4,
                    4,
                    5,
                    5,
                    5,
                    5,
                    5,
                    5,
                    5,
                    4,
                    4,
                    4,
                    4,
                    4,
                    4,
                    4,
                    3,
                    3,
                    3,
                    3,
                    3,
                    3,
                    3,
                    3,
                    4,
                    4,
                    4,
                    4,
                    4,
                    4,
                    3,
                    3,
                    3,
                    3,
                    5,
                    6,
                    8,
                    8,
                    7,
                    5,
                    5,
                    4,
                    4,
                    5,
                    5,
                    4,
                    4,
                    4,
                    3,
                    3,
                    3,
                    3,
                    3,
                    3,
                    3,
                    2,
                    2,
                    2,
                    2,
                    2,
                    1,
                    1,
                    1,
                    1,
                    1,
                    1,
                    1,
                    1,
                    2,
                    2,
                    2,
                    2,
                    2,
                    2
                ],
                "radii": [
                    0.0,
                    5.0,
                    10.0,
                    15.0,
                    20.0,
                    25.0,
                    30.0,
                    35.0,
                    40.0,
                    45.0,
                    50.0,
                    55.0,
                    60.0,
                    65.0,
                    70.0,
                    75.0,
                    80.0,
                    85.0,
                    90.0,
                    95.0,
                    100.0,
                    105.0,
                    110.0,
                    115.0,
                    120.0,
                    125.0,
                    130.0,
                    135.0,
                    140.0,
                    145.0,
                    150.0,
                    155.0,
                    160.0,
                    165.0,
                    170.0,
                    175.0,
                    180.0,
                    185.0,
                    190.0,
                    195.0,
                    200.0,
                    205.0,
                    210.0,
                    215.0,
                    220.0,
                    225.0,
                    230.0,
                    235.0,
                    240.0,
                    245.0,
                    250.0,
                    255.0,
                    260.0,
                    265.0,
                    270.0,
                    275.0,
                    280.0,
                    285.0,
                    290.0,
                    295.0,
                    300.0,
                    305.0,
                    310.0,
                    315.0,
                    320.0,
                    325.0,
                    330.0,
                    335.0,
                    340.0,
                    345.0,
                    350.0,
                    355.0,
                    360.0,
                    365.0,
                    370.0,
                    375.0
                ]
            },
            "volume": 8273.512330853082,
            "xdim": 530.708,
            "ydim": 410.85400000000004,
            "zdim": 145.4501
        },
        "soma": {
            "area": 907.3499789096638,
            "diam": 16.99466,
            "volume": 2570.0173987628177,
            "xroot": 0.0,
            "yroot": 0.0,
            "zroot": 0.0
        }
    }
}