{
    "Dendritic Distance": [
        74.76319109122917,
        374.6261373571972,
        226.05113360347295,
        225.77939562088034,
        301.2723096549842,
        318.5315582886086,
        306.219655311896,
        100.40495339007151,
        142.13709116895328,
        228.77540053814954
    ],
    "Lag": [
        0.10000000000002274,
        0.5250000000001194,
        0.25000000000005684,
        0.37500000000008527,
        0.475000000000108,
        0.475000000000108,
        0.475000000000108,
        0.05000000000001137,
        0.10000000000002274,
        0.12500000000002842
    ]
}