{
    "090522_10": {
        "axon": {
            "area": 1801.8399277240615,
            "breadth": 1,
            "contrac": 0.6926725260246669,
            "degree": 0,
            "diam": 1.1023048260869566,
            "dist": 312.6284518455254,
            "length": 432.03587256416415,
            "nbranch": 0,
            "nstem": 1,
            "nterm": 1,
            "order": 1,
            "seclen": 432.03587256416415,
            "sholl": {
                "crossings": [
                    1,
                    1,
                    1,
                    1,
                    1,
                    1,
                    1,
                    1,
                    1,
                    1,
                    1,
                    1,
                    1,
                    1,
                    1,
                    1,
                    1,
                    1,
                    1,
                    1,
                    1,
                    1,
                    1,
                    1,
                    1,
                    1,
                    1,
                    1,
                    1,
                    1,
                    1,
                    1,
                    1,
                    1,
                    1,
                    1,
                    1,
                    1,
                    1,
                    1,
                    1,
                    1,
                    1,
                    1,
                    1,
                    1,
                    1,
                    1,
                    1,
                    1,
                    1,
                    1,
                    1,
                    1,
                    1,
                    1,
                    1,
                    1,
                    1,
                    1,
                    1,
                    1,
                    1
                ],
                "radii": [
                    0.0,
                    5.0,
                    10.0,
                    15.0,
                    20.0,
                    25.0,
                    30.0,
                    35.0,
                    40.0,
                    45.0,
                    50.0,
                    55.0,
                    60.0,
                    65.0,
                    70.0,
                    75.0,
                    80.0,
                    85.0,
                    90.0,
                    95.0,
                    100.0,
                    105.0,
                    110.0,
                    115.0,
                    120.0,
                    125.0,
                    130.0,
                    135.0,
                    140.0,
                    145.0,
                    150.0,
                    155.0,
                    160.0,
                    165.0,
                    170.0,
                    175.0,
                    180.0,
                    185.0,
                    190.0,
                    195.0,
                    200.0,
                    205.0,
                    210.0,
                    215.0,
                    220.0,
                    225.0,
                    230.0,
                    235.0,
                    240.0,
                    245.0,
                    250.0,
                    255.0,
                    260.0,
                    265.0,
                    270.0,
                    275.0,
                    280.0,
                    285.0,
                    290.0,
                    295.0,
                    300.0,
                    305.0,
                    310.0
                ]
            },
            "volume": 1131.8914662476031,
            "xdim": 293.2807,
            "ydim": 129.1078,
            "zdim": 64.4328
        },
        "dend": {
            "area": 10987.054131482138,
            "breadth": 4,
            "contrac": 0.8906101064374492,
            "degree": 2,
            "diam": 1.861850878520304,
            "dist": 455.4247346877528,
            "length": 1796.1371247938696,
            "nbranch": 5,
            "nstem": 3,
            "nterm": 8,
            "order": 4,
            "seclen": 138.16439421491305,
            "sholl": {
                "crossings": [
                    3,
                    3,
                    3,
                    3,
                    3,
                    3,
                    3,
                    3,
                    3,
                    3,
                    3,
                    3,
                    3,
                    3,
                    3,
                    3,
                    3,
                    3,
                    3,
                    3,
                    3,
                    3,
                    3,
                    3,
                    3,
                    3,
                    3,
                    3,
                    3,
                    5,
                    5,
                    4,
                    4,
                    4,
                    4,
                    4,
                    4,
                    3,
                    4,
                    4,
                    4,
                    4,
                    4,
                    4,
                    4,
                    4,
                    3,
                    2,
                    2,
                    2,
                    2,
                    2,
                    2,
                    2,
                    2,
                    2,
                    2,
                    3,
                    3,
                    3,
                    3,
                    4,
                    3,
                    3,
                    3,
                    3,
                    3,
                    2,
                    2,
                    2,
                    3,
                    3,
                    3,
                    3,
                    2,
                    2,
                    1,
                    1,
                    1,
                    1,
                    1,
                    1,
                    1,
                    1,
                    1,
                    1,
                    1,
                    1,
                    1,
                    1,
                    1,
                    1
                ],