{
    "Dendritic Distance": [
        22.41630877606488,
        86.75844309306235,
        59.7220368436374,
        73.0874038343173,
        6.260104364679144,
        34.65775835005912,
        90.6965741127971,
        380.4440772977709,
        390.1237351956239,
        247.89885905350113
    ],
    "Lag": [
        0.021428571428557523,
        0.10357142857136432,
        0.0857142857142311,
        0.12678571428563654,
        0.005357142857137985,
        0.023214285714271705,
        0.06607142857138827,
        NaN,
        NaN,
        NaN
    ]
}