{
    "130921_3": {
        "axon": {
            "area": 187.92207695672195,
            "breadth": 1,
            "contrac": 0.9988901455932041,
            "degree": 0,
            "diam": 1.2510000000000001,
            "dist": 11.222055958023022,
            "length": 11.234524644708209,
            "nbranch": 0,
            "nstem": 1,
            "nterm": 1,
            "order": 1,
            "seclen": 11.234524644708209,
            "sholl": {
                "crossings": [
                    1,
                    1,
                    1
                ],
                "radii": [
                    0.0,
                    5.0,
                    10.0
                ]
            },
            "volume": 197.20932442210832,
            "xdim": 3.89071,
            "ydim": 3.8696800000000002,
            "zdim": 5.0771
        },
        "dend": {
            "area": 10273.601925616531,
            "breadth": 8,
            "contrac": 0.9025785027415401,
            "degree": 2,
            "diam": 1.475833877008918,
            "dist": 438.9626983555892,
            "length": 2396.9503809261305,
            "nbranch": 14,
            "nstem": 5,
            "nterm": 19,
            "order": 6,
            "seclen": 72.63486002806457,
            "sholl": {
                "crossings": [
                    5,
                    5,
                    5,
                    6,
                    6,
                    7,
                    7,
                    8,
                    7,
                    6,
                    6,
                    7,
                    6,
                    6,
                    7,
                    7,
                    7,
                    7,
                    8,
                    8,
                    8,
                    7,
                    8,
                    7,
                    7,
                    7,
                    7,
                    7,
                    6,
                    6,
                    5,
                    5,
                    5,
                    4,
                    4,
                    4,
                    4,
                    5,
                    5,
                    5,
                    5,
                    6,
                    6,
                    6,
                    6,
                    4,
                    4,
                    3,
                    3,
                    3,
                    3,
                    3,
                    3,
                    2,
                    2,
                    2,
                    2,
                    2,
                    2,
                    1,
                    1,
                    1,
                    1,
                    1,
                    1,
                    1,
                    1,
                    1,
                    1,
                    1,
                    1,
                    1,
                    1,
                    1,
                    1,
                    1,
                    1,
                    1,
                    1,
                    1,
                    1,
                    1,
                    1,
                    1,
                    1,
                    1,
                    1,
                    1
                ],
                "radii": [
                    0.0,
                    5.0,
                    10.0,
                    15.0,
                    20.0,
                    25.0,
                    30.0,
                    35.0,
                    40.0,
                    45.0,
                    50.0,
                    55.0,
                    60.0,
                    65.0,
                    70.0,
                    75.0,
                    80.0,
                    85.0,
                    90.0,
                    95.0,
                    100.0,
                    105.0,
                    110.0,
                    115.0,
                    120.0,
                    125.0,
                    130.0,
                    135.0,
                    140.0,
                    145.0,
                    150.0,
                    155.0,
                    160.0,
                    165.0,
                    170.0,
                    175.0,
                    180.0,
                    185.0,
                    190.0,
                    195.0,
                    200.0,
                    205.0,
                    210.0,
                    215.0,
                    220.0,
                    225.0,
                    230.0,
                    235.0,
                    240.0,
                    245.0,
                    250.0,
                    255.0,
                    260.0,
                    265.0,
                    270.0,
                    275.0,
                    280.0,
                    285.0,
                    290.0,
                    295.0,
                    300.0,
                    305.0,
                    310.0,
                    315.0,
                    320.0,
                    325.0,
                    330.0,
                    335.0,
                    340.0,
                    345.0,
                    350.0,
                    355.0,
                    360.0,
                    365.0,
                    370.0,
                    375.0,
                    380.0,
                    385.0,
                    390.0,
                    395.0,
                    400.0,
                    405.0,
                    410.0,
                    415.0,
                    420.0,
                    425.0,
                    430.0,
                    435.0
                ]
            },
            "volume": 5581.875185411278,
            "xdim": 520.4791,
            "ydim": 291.76300000000003,
            "zdim": 275.826
        },
        "soma": {
            "area": 539.3756727394504,
            "diam": 13.103,
            "volume": 1177.9065733175032,
            "xroot": 0.0,
            "yroot": 0.0,
            "zroot": 0.0
        }
    }
}