{
    "Dendritic Distance": [
        3.3285027765502684,
        77.45919032341777,
        94.25699171537158,
        119.63574932636385,
        232.80040118108855,
        34.35274374063608,
        254.41038838257313,
        40.13502119270696,
        21.938896150880268,
        50.09123961283486
    ],
    "Lag": [
        0.0,
        0.12499999999993476,
        0.19999999999989562,
        0.15909090909082704,
        0.3727272727270765,
        0.024999999999986953,
        0.5363636363633565,
        0.03863636363634271,
        0.01818181818180875,
        0.0431818181817957
    ]
}