{
    "190422_4": {
        "axon": {
            "area": 294.90858030339245,
            "breadth": 1,
            "contrac": 0.8978701955041256,
            "degree": 0,
            "diam": 1.0316670909090908,
            "dist": 60.693150380912016,
            "length": 67.59679816171506,
            "nbranch": 0,
            "nstem": 1,
            "nterm": 1,
            "order": 1,
            "seclen": 67.59679816171506,
            "sholl": {
                "crossings": [
                    1,
                    1,
                    1,
                    1,
                    1,
                    1,
                    1,
                    1,
                    1,
                    1,
                    1,
                    1,
                    1
                ],
                "radii": [
                    0.0,
                    5.0,
                    10.0,
                    15.0,
                    20.0,
                    25.0,
                    30.0,
                    35.0,
                    40.0,
                    45.0,
                    50.0,
                    55.0,
                    60.0
                ]
            },
            "volume": 142.87761944112663,
            "xdim": 18.46615,
            "ydim": 45.32354,
            "zdim": 33.301700000000004
        },
        "dend": {
            "area": 9989.990320652367,
            "breadth": 8,
            "contrac": 0.9310170263669157,
            "degree": 2,
            "diam": 1.5861858640446351,
            "dist": 428.6990229908274,
            "length": 2134.5604104558033,
            "nbranch": 14,
            "nstem": 3,
            "nterm": 17,
            "order": 6,
            "seclen": 68.85678743405818,
            "sholl": {
                "crossings": [
                    3,
                    3,
                    3,
                    3,
                    3,
                    3,
                    3,
                    5,
                    8,
                    8,
                    8,
                    8,
                    10,
                    9,
                    8,
                    8,
                    8,
                    8,
                    8,
                    9,
                    9,
                    9,
                    8,
                    9,
                    8,
                    6,
                    6,
                    6,
                    6,
                    6,
                    6,
                    6,
                    6,
                    7,
                    7,
                    5,
                    4,
                    4,
                    3,
                    3,
                    3,
                    3,
                    2,
                    2,
                    2,
                    2,
                    2,
                    2,
                    2,
                    2,
                    2,
                    2,
                    2,
                    1,
                    1,
                    1,
                    1,
                    1,
                    1,
                    1,
                    1,
                    1,
                    1,
                    1,
                    1,
                    1,
                    1,
                    1,
                    1,
                    1,
                    1,
                    1,
                    1,
                    1,
                    1,
                    1,
                    1,
                    1,
                    1,
                    1,
                    1,
                    1,
                    1,
                    1,
                    2,
                    2
                ],
                "radii": [
                    0.0,
                    5.0,
                    10.0,
                    15.0,
                    20.0,
                    25.0,
                    30.0,
                    35.0,
                    40.0,
                    45.0,
                    50.0,
                    55.0,
                    60.0,
                    65.0,
                    70.0,
                    75.0,
                    80.0,
                    85.0,
                    90.0,
                    95.0,
                    100.0,
                    105.0,
                    110.0,
                    115.0,
                    120.0,
                    125.0,
                    130.0,
                    135.0,
                    140.0,
                    145.0,
                    150.0,
                    155.0,
                    160.0,
                    165.0,
                    170.0,
                    175.0,
                    180.0,
                    185.0,
                    190.0,
                    195.0,
                    200.0,
                    205.0,
                    210.0,
                    215.0,
                    220.0,
                    225.0,
                    230.0,
                    235.0,
                    240.0,
                    245.0,
                    250.0,
                    255.0,
                    260.0,
                    265.0,
                    270.0,
                    275.0,
                    280.0,
                    285.0,
                    290.0,
                    295.0,
                    300.0,
                    305.0,
                    310.0,
                    315.0,
                    320.0,
                    325.0,
                    330.0,
                    335.0,
                    340.0,
                    345.0,
                    350.0,
                    355.0,
                    360.0,
                    365.0,
                    370.0,
                    375.0,
                    380.0,
                    385.0,
                    390.0,
                    395.0,
                    400.0,
                    405.0,
                    410.0,
                    415.0,
                    420.0,
                    425.0
                ]
            },
            "volume": 4465.812673879654,
            "xdim": 629.151,
            "ydim": 324.03700000000003,
            "zdim": 150.8955
        },
        "soma": {
            "area": 287.9967075250339,
            "diam": 9.57456,
            "volume": 459.57362600014807,
            "xroot": 0.0,
            "yroot": 0.0,
            "zroot": 0.0
        }
    }
}